Mumbai	81999
Modi	66348
Shri	52228
BJP	43102
Pune	37410
CM	35405
India	17798
Muslim	16297
Ajit	16278
Nagpur	15468
Tweet	14326
Raja	13811
Rao	13180
Kolhapur	13091
NCP	13049
Pakistan	12510
ED	10096
Deshmukh	7910
BBC	7876
Thackeray	7775
Modiji	7755
Ganesh	7653
Gujarat	7276
PM	7124
Twitter	7026
RT	6787
Rohit	6610
Krishna	6193
Bihar	5710
Delhi	5551
Goa	5505
Chatrapati	5321
Youtube	4942
Scindia	4722
Bali	4714
Paul	4324
UP	4153
Jalgaon	4105
Bollywood	4078
MNS	4010
LA	3926
MVA	3778
Allah	3764
Solapur	3736
Rajesh	3664
TV	3396
America	3342
MH	3316
BB	3304
Jane	3115
Buddha	2929
MLA	2879
BMC	2818
RSS	2779
PSI	2681
GR	2624
Thor	2470
ST	2311
Google	2282
Mira	2203
SS	2019
MP	1914
IT	1903
Trump	1883
CBI	1875
KY	1871
MI	1871
Tim	1796
Islam	1746
EVM	1616
Sara	1582
SAM	1447
OBC	1416
Dubai	1296
TR	1293
TRP	1265
DM	1263
VBA	1238
Sri	1194
SC	1186
BC	1177
MM	1118
HM	1106
GST	1090
FIR	1063
UT	1049
BEN	976
OK	948
AAP	921
Amazon	915
ABP	852
Hitler	849
PR	822
ATA	787
US	780
IPL	735
AC	712
DP	698
SSR	698
USA	692
Bombay	684
ASA	673
MIM	609
GDP	597
JKV	583
NCB	569
Smith	559
FB	558
EWS	557
BP	551
BBM	549
RIP	520
NY	520
YZ	513
DF	511
Israel	504
MCQ	496
PMC	495
EMI	488
TL	487
DJ	457
Peru	456
CH	456
VA	453
Russia	448
AB	446
France	442
Europe	430
Jawaharlal	425
MC	417
Arab	415
WHO	408
ID	406
Robert	406
AK	399
SRK	399
Ibrahim	389
Goan	380
IAS	378
POK	375
ASE	373
BTW	372
Germany	372
CAA	367
CA	362
DNA	359
ZP	358
HMV	356
RS	349
WA	342
SP	341
RG	336
UK	332
RBI	332
STI	330
PDF	319
RTO	314
CP	310
NE	302
NH	301
PC	300
NRC	299
Iran	298
PL	293
Korea	292
UGC	291
OMG	282
VAT	275
RAM	272
CD	271
MD	264
TMC	260
TU	256
RR	255
NIA	248
IPS	247
UPA	245
PA	242
Sahara	242
JNU	241
BA	239
TC	236
Oscar	231
CR	229
RTI	229
PN	229
Britain	223
INC	221
PS	219
KO	217
SM	213
Thailand	213
MA	213
VIP	212
NDA	211
SBI	210
AJ	208
HI	207
EG	205
DD	204
IIT	200
BHI	199
IQ	195
LIG	195
SK	191
MBA	190
SIR	190
SA	189
TP	188
GM	187
BE	187
EK	187
UIC	187
AAI	185
Scotland	185
ATI	185
Bangkok	184
ND	183
BMW	180
SSC	179
GB	178
OM	178
CNG	176
Phil	173
PG	173
RCB	172
CSK	170
AP	169
BTS	167
ITI	167
Paris	166
FC	165
ITR	164
NO	164
XD	163
HD	163
MLC	162
IPO	161
PPE	161
MS	159
California	158
JCB	158
CKP	158
PAM	157
GBU	157
ICU	156
NCC	156
CET	153
UN	153
ME	153
HSC	152
AM	152
TB	152
SR	151
VR	150
JP	150
NA	149
GF	149
ANI	149
UAE	148
ATM	147
SMS	147
PAN	147
II	147
BKC	146
VAR	146
OTP	146
SRA	144
JK	143
YT	143
HC	142
WB	142
EC	141
HR	140
BT	139
WC	138
HP	138
TCS	138
IBN	137
Syria	135
BR	135
Michael	135
RPI	134
John	133
NGO	133
CMO	133
DCM	133
RW	131
PE	130
SE	130
JAY	130
Rafael	129
MG	128
KA	128
CSC	127
FM	126
FD	126
PDP	126
Carolina	125
Alia	125
CEO	124
NAV	124
RJ	123
Marcus	122
JJ	122
DC	119
MO	118
RAJ	118
IE	117
SJ	115
AV	115
MST	115
CAB	114
RD	114
CT	114
AA	114
WFH	113
PWD	113
DK	112
VS	112
UBT	110
GJ	108
Antonio	106
DA	106
LIC	106
TN	105
HIV	105
CID	103
KM	103
NT	103
Monica	102
BHK	101
GA	101
MAN	101
TQ	101
KS	99
FYI	99
IP	99
TX	99
RK	99
SIT	99
VDO	99
CC	98
Manchester	97
MN	97
DR	96
KT	96
CST	95
GK	95
KK	95
YD	94
GD	94
OR	94
AU	94
BSF	93
ISI	92
WTF	92
MSP	91
KKR	90
KG	90
Beth	90
Nathan	89
NC	88
ODI	87
LS	87
MPM	87
GU	87
KR	86
FAN	86
KP	86
NMC	84
MNC	84
TET	84
TAI	83
BJ	83
ML	83
PHD	83
PJ	83
BSP	82
SL	82
JEE	82
TT	81
SB	81
VC	81
MCA	80
JAI	80
OTT	79
Sarah	78
MIT	78
OO	77
GP	77
LPG	77
HPN	77
NRI	76
MES	76
MU	76
ASU	75
MT	75
HO	75
CV	75
PFI	75
NOC	75
Portugal	74
Stalin	74
GOD	74
OP	74
ASO	73
F&O	73
NZ	72
PF	72
MHJ	72
BVA	72
HBD	71
MAT	71
KEM	70
KDE	70
SIP	70
EP	70
SO	69
WOW	69
QR	68
Bobby	68
JE	68
MR	68
PI	68
GN	67
CE	67
Anderson	66
AT	66
IMP	66
RAW	66
AR	65
DSK	65
VP	65
KL	65
IBS	65
MMS	64
TY	64
AD	64
DB	64
BAD	64
FDI	63
Hamilton	63
GS	63
MRI	63
HAL	63
Liverpool	62
PMO	62
MB	62
DHS	62
KBC	61
BF	60
YOU	60
IG	60
UI	60
LG	60
JM	59
SD	59
PK	59
MAD	58
NPA	58
PV	58
AS	58
NAD	58
MMR	57
FF	57
LC	57
KSA	56
AAJ	56
MSF	56
VK	55
NM	55
UR	55
MSD	54
GT	54
EBC	53
AHE	53
ABC	53
UPI	53
FY	53
MAA	53
YFP	53
ETV	52
EV	52
VN	52
AI	52
MTS	52
IPC	52
MIG	52
IEX	52
APJ	51
PT	51
ICC	50
RN	50
NYC	50
CAG	50
IB	50
ENO	50
PIL	49
GPS	49
CS	49
Chaplin	48
RHA	48
HB	48
ACP	48
MSG	48
JI	48
SAI	48
SAP	48
OTG	48
MDP	47
Russell	47
XYZ	47
QB	47
DGP	47
HA	47
MRP	47
TPR	47
BD	47
ATB	47
ET	46
Sweden	46
YA	46
DY	46
OS	46
KKG	46
APN	46
PP	45
PVR	45
DVD	45
MK	45
UCC	44
AAU	44
NOT	44
CJI	44
PMT	44
AE	44
PSU	44
NSA	44
OOO	44
GSB	44
NK	44
AG	44
LED	43
UTI	43
LL	43
ICT	43
VM	43
BS	43
BK	43
SOP	42
EGO	42
MLM	42
GMS	42
MJ	42
PLZ	42
Romeo	41
MFK	41
RM	41
ON	41
KGF	41
RDX	41
BPL	41
VV	41
VB	41
NCL	41
BG	41
MX	41
DBT	41
HE	40
BRT	40
III	40
RC	40
RGP	40
ACB	39
RTE	39
DG	39
GE	39
ASI	39
JAL	39
SI	39
ENG	38
ITC	38
DEV	38
RO	38
MOU	38
BSE	38
GOI	38
BH	38
WCD	38
NS	38
KRK	37
CG	37
Linda	37
MV	37
KRD	37
LP	37
BSC	37
ATS	36
YES	36
KYC	36
ACH	36
FU	36
DPR	36
TAX	36
AUT	36
JB	36
LAL	36
VFX	35
WWE	35
TE	35
IIM	35
TOI	35
MF	35
TOP	35
SAB	35
BAN	35
HK	35
SBC	35
RA	35
Marx	34
DOB	34
IND	34
AST	34
KB	34
LLB	34
AVN	34
AMC	33
NHI	33
HRD	33
GC	33
WRD	33
PD	33
SAR	33
HIG	33
GPL	32
PPL	32
KFC	32
AAT	32
TI	32
ES	32
RRR	32
DCA	32
Clinton	31
GMC	31
DON	31
SEM	31
JIO	31
KD	31
SY	31
LD	31
KDK	31
PPM	30
IAF	30
IRS	30
GTG	30
SPG	30
GVK	30
TMT	30
LBT	30
OFF	30
BN	30
SG	30
KE	30
TM	30
IMO	29
BM	29
LT	29
GOT	29
FOE	29
BDD	29
HTC	29
GOP	29
HT	29
ZEE	29
UC	29
FBI	29
STD	29
PUC	29
RCP	29
RP	29
Norway	28
Oskar	28
FDA	28
XI	28
CO	28
OG	28
CSR	28
DE	28
SF	28
SUV	28
TO	28
IMA	28
API	28
VT	28
AZ	28
TS	27
RPF	27
GPA	27
HAI	27
MDM	27
CPR	27
AYO	27
SIM	27
NV	27
HQ	26
PO	26
IV	26
UG	26
NHM	26
DRT	26
BCA	26
IRB	26
MY	26
NB	26
KTM	26
ANS	26
ALL	26
DAV	26
WO	26
AUM	26
BOY	25
HV	25
WI	25
OT	25
CPI	25
LM	25
OL	25
INS	25
BUT	25
UNO	25
MCD	25
DAT	25
SN	25
AAA	25
CHO	25
PNA	25
DSP	25
L&T	25
NSE	24
KI	24
UCL	24
SRH	24
CJ	24
MHA	24
RNA	24
CNN	24
ACC	24
KKK	24
AZP	24
RJD	24
AF	24
FE	24
CMC	24
JD	24
INR	24
NAI	24
GTL	24
KCC	24
JOR	24
AND	23
HW	23
IS	23
PB	23
DL	23
BCM	23
DID	23
NI	23
NJ	23
TSA	23
KHI	23
Andrew	22
CL	22
LBS	22
POV	22
NPR	22
BOM	22
IR	22
KC	22
BAP	22
ADI	22
PNG	22
MOM	22
LCB	22
NG	22
PCR	22
UU	22
BST	22
CHB	22
GG	22
DCP	22
BAL	22
MAL	22
POL	22
PHC	21
Cyrus	21
CDR	21
ECI	21
EID	21
USB	21
IN	21
MIL	21
NRA	21
KVR	21
HSM	21
SRT	21
WP	21
GH	21
APP	21
NP	21
XL	21
BCC	21
LMV	21
TUP	21
CWG	20
DMK	20
NOW	20
DAM	20
NFT	20
CBD	20
CRZ	20
NR	20
SLB	20
DV	20
DSO	20
LOC	20
PTI	20
ONE	20
EPF	20
OC	20
GI	20
MAH	20
WW	20
DI	20
IM	20
RB	20
USS	20
RSI	20
PDT	20
PPP	20
CCC	20
RKV	19
FRP	19
QQ	19
RI	19
IK	19
DH	19
OPD	19
BBA	19
VRS	19
DOP	19
FRI	19
JOB	19
QA	19
ENT	19
MTR	19
DCC	19
GDS	19
EMD	19
GIF	18
VHP	18
JDU	18
NIT	18
KCR	18
LW	18
PU	18
PNR	18
GOV	18
DMA	18
JS	18
LOP	18
WR	18
VD	18
OIC	18
DDR	18
CLG	18
IBM	18
DT	18
LLP	18
CTS	18
CPM	18
VJ	18
TAR	18
HRA	18
ESI	18
BOL	18
OLX	17
LF	17
NN	17
LK	17
KJ	17
RE	17
THE	17
LAW	17
APL	17
WWF	17
XXX	17
ROM	17
MNP	17
CHA	17
SV	17
MVP	17
TA	17
DMD	17
FFS	17
ECG	17
RRS	17
BGM	17
TRI	17
JVK	17
AWL	17
FNO	17
BMS	16
Murray	16
CCI	16
NPS	16
ABD	16
USP	16
DDD	16
MTV	16
KV	16
QT	16
MGM	16
BSS	16
AKA	16
LGA	16
IFC	16
VIT	16
UTS	16
MAM	16
EDI	16
EPL	16
LAC	16
DVT	16
CTC	16
EM	16
GYM	16
AIB	16
CB	16
CDS	16
PNB	16
JR	16
VI	16
WBC	16
HBP	16
J&K	16
KES	16
IAM	16
TBH	15
FL	15
BIG	15
OPS	15
TTF	15
BW	15
SOS	15
PRO	15
VED	15
YRF	15
POP	15
EN	15
LSC	15
RRB	15
HIT	15
IF	15
COD	15
CK	15
EU	15
SKY	15
KAY	15
USD	15
AIR	15
VG	15
TDP	15
FR	15
GO	15
LTD	15
ESA	15
ACS	15
BRO	15
BCG	15
CIA	14
UKD	14
FSI	14
DTH	14
PAP	14
HOD	14
WTC	14
PDA	14
EE	14
EX	14
NSG	14
Italia	14
CCD	14
SSD	14
MSW	14
UTD	14
UFO	14
JA	14
DUM	14
CAT	14
BAI	14
HNY	14
BDL	14
HUL	14
XUV	14
CX	14
DHA	14
OSM	14
DHT	14
Gregory	13
JH	13
CWC	13
JDJ	13
TDS	13
RPS	13
LFC	13
DX	13
GAS	13
TG	13
HF	13
OMR	13
MNM	13
BCS	13
WE	13
OUT	13
XT	13
BDO	13
BJB	13
MKB	13
AN	13
PCB	13
NTR	13
MDI	13
WHY	13
MGP	13
UB	13
RSP	13
RV	13
TD	13
ARE	13
SAT	13
DAP	13
ABA	13
AMK	13
ZAR	12
Newcastle	12
IFS	12
BL	12
MPA	12
TH	12
ALP	12
BY	12
FPL	12
YCM	12
HS	12
TAG	12
BOT	12
DIL	12
MNB	12
MDT	12
BBB	12
ETC	12
NU	12
SDM	12
SSP	12
IC	12
TVS	12
BUS	12
BPO	12
AAS	12
OBE	12
BKS	12
MSC	12
ANM	12
CMP	12
SPL	12
ILU	12
JO	12
DO	12
DIY	12
DS	12
LOK	12
ETA	12
CW	12
TNX	12
ISS	12
FHD	12
GTA	11
NTA	11
CHU	11
BGP	11
NGP	11
LTT	11
RED	11
IST	11
BFF	11
SEZ	11
BRA	11
AL	11
VPN	11
RCF	11
DHE	11
DTE	11
ETH	11
SCR	11
PAK	11
BO	11
NAA	11
OCD	11
BBQ	11
ADV	11
IA	11
SW	11
FT	11
PCC	11
RF	11
EIC	11
RBL	11
PSM	11
FS	11
SEO	11
FPO	11
UUR	11
CSE	11
OF	11
IX	11
OLA	11
OCI	11
DN	11
JC	11
NUM	11
CHI	11
NTC	11
DIP	11
AHA	11
AUR	11
LAJ	11
LAD	11
ADD	11
LTE	11
HH	11
LAX	11
KGN	11
NTD	10
ACF	10
MTB	10
YG	10
IOC	10
MPG	10
DRS	10
PLS	10
HOT	10
PWI	10
DGM	10
WCW	10
YB	10
GNM	10
NCR	10
IMF	10
OYO	10
WKD	10
RAT	10
AW	10
GL	10
PIM	10
JIV	10
CF	10
NFL	10
JDS	10
NET	10
SID	10
MMC	10
AMD	10
XX	10
Persia	10
MRF	10
CBT	10
PH	10
URL	10
OH	10
AO	10
MSM	10
BSA	10
FA	10
CKD	10
H1B	10
DAO	10
BAB	10
SEP	10
BBS	10
AIM	10
HDD	10
SMB	10
MEA	9
Angeles	9
PTA	9
AMU	9
PVC	9
BED	9
VBM	9
ART	9
JMM	9
PLA	9
TYA	9
SAF	9
DND	9
KNP	9
WS	9
CCL	9
SDO	9
UFC	9
DRM	9
IOS	9
OD	9
DMH	9
APS	9
FO	9
PUN	9
AH	9
YO	9
CN	9
BHU	9
GSM	9
BI	9
JSW	9
YE	9
BMM	9
WKV	9
WTO	9
CHS	9
NW	9
WT	9
IU	9
MPS	9
IZ	9
AVM	9
LU	9
BU	9
BDS	9
FP	9
BBD	9
OAK	9
UV	9
EPS	9
CCA	9
DAD	9
RH	9
SAD	9
HAR	9
JT	9
T_T	9
FIT	9
AUS	9
CMT	9
CES	9
CAR	9
MAG	9
ASL	9
AAG	9
KAL	9
BJO	9
GAP	9
BIL	9
JBL	9
OHM	9
IMC	9
AAM	9
AEK	9
Wayne	8
MET	8
ATP	8
KH	8
HVS	8
CMS	8
MPW	8
MIS	8
WEH	8
DEC	8
MFP	8
WAH	8
NIC	8
SH	8
GRE	8
MSK	8
MHB	8
GOM	8
CGI	8
BDW	8
SVP	8
MAJ	8
FOB	8
SRC	8
AGE	8
TIL	8
SRP	8
PBS	8
RIT	8
NBA	8
GRP	8
ACL	8
GTB	8
PPF	8
XP	8
KAR	8
NBC	8
CVS	8
TRS	8
MLS	8
LBW	8
AWM	8
NXT	8
PPR	8
RFO	8
PW	8
URI	8
BV	8
MVM	8
UID	8
IO	8
BPM	8
HN	8
UM	8
GHA	8
DEO	8
SQL	8
VVV	8
DHL	8
ETF	8
PRA	8
AMH	8
KLM	8
SAS	8
GAO	8
GDC	8
TMJ	8
EHS	8
Q&A	8
BHO	7
Garcia	7
PCM	7
BKL	7
IKR	7
TIA	7
WIN	7
DAY	7
ISD	7
PBL	7
BLR	7
PVT	7
BAR	7
MDC	7
NDP	7
IBC	7
PIN	7
IGP	7
KPK	7
RVP	7
DSE	7
PSC	7
EXO	7
IES	7
NRR	7
CNC	7
SSS	7
CMD	7
LV	7
YSR	7
ABV	7
HIM	7
WD	7
ICJ	7
ER	7
PSG	7
SMG	7
EF	7
DIG	7
MTP	7
USE	7
GUU	7
ILP	7
OWT	7
PSL	7
MKG	7
TDR	7
IMD	7
GW	7
TRT	7
LJ	7
NL	7
VTP	7
PAR	7
MIC	7
HVA	7
RTM	7
SII	7
ITV	7
UD	7
END	7
DOG	7
AWS	7
TMK	7
EI	7
LLM	7
YAY	7
AME	7
HCL	7
LOI	7
NAL	7
LMK	7
UA	7
KAM	7
NGT	7
CBR	7
RCC	7
ZZ	7
KIA	7
CGL	7
RAS	7
Londo	7
VAN	7
STO	7
SWP	7
MZ	7
GKG	7
DSD	7
ALA	6
Jessica	6
FK	6
SEC	6
WON	6
LCD	6
HBS	6
PNC	6
KRA	6
YAG	6
TAJ	6
HMS	6
LDK	6
HG	6
ASM	6
QRT	6
BTC	6
IAC	6
RYK	6
UF	6
V+S	6
SPM	6
PHP	6
OIL	6
ISL	6
FTW	6
SMP	6
ROB	6
OPP	6
YS	6
AVG	6
TJ	6
CPU	6
CCP	6
MLT	6
JAN	6
ICF	6
PRC	6
OCT	6
AML	6
PDS	6
AWB	6
LB	6
WIP	6
CHV	6
JSR	6
JL	6
CAP	6
SMA	6
H1N	6
ACT	6
MEL	6
VEL	6
XE	6
PPT	6
VO	6
IDK	6
DU	6
GPP	6
MHS	6
YP	6
DTC	6
RGV	6
DDO	6
IFB	6
TJR	6
NYT	6
WFM	6
TUR	6
CAD	6
CBS	6
RCE	6
DLF	6
PRT	6
VEG	6
DW	6
SBT	6
ASN	6
ROI	6
BPT	6
PMS	6
WH	6
TSP	6
BOI	6
DSA	6
LLL	6
ROK	6
RUS	6
KU	6
NAS	6
SGD	6
WF	6
NMV	6
P&L	6
LTR	6
IL	6
ROG	6
AQ	6
PTV	6
MAV	6
TAK	6
CRS	6
ARR	5
FSO	5
IDC	5
JAT	5
MEN	5
EOD	5
KEY	5
NOV	5
PSA	5
WL	5
EOW	5
ITT	5
DNS	5
ULC	5
VCA	5
JV	5
VGN	5
JUN	5
YC	5
CPC	5
INA	5
BGT	5
LKG	5
JCP	5
GBY	5
CMA	5
KBK	5
LEO	5
MTK	5
DSY	5
OI	5
TK	5
BRC	5
RPL	5
BSL	5
MAY	5
GUJ	5
SIX	5
NIL	5
CSM	5
UPS	5
REQ	5
NGR	5
DVR	5
PVG	5
NSS	5
CLT	5
YAA	5
LR	5
CDM	5
BMI	5
EA	5
VW	5
PGP	5
TAB	5
HSR	5
APB	5
IH	5
VCR	5
B2B	5
AVP	5
LPK	5
MMA	5
KAI	5
CPL	5
WEF	5
JPC	5
QN	5
PEL	5
FOR	5
KIT	5
LVG	5
ACE	5
CHE	5
NAT	5
PAC	5
STL	5
SBS	5
MCG	5
ALT	5
X_X	5
CFC	5
MDR	5
PSP	5
AOL	5
FDJ	5
OB	5
DED	5
NIV	5
PLI	5
NEW	5
KID	5
KPR	5
SEL	5
EB	5
PIC	5
MPL	5
PIB	5
CI	5
BLM	5
MHN	5
H2O	5
EO	5
BPJ	5
IGR	5
WAP	5
GEM	5
YM	5
DJI	5
ALR	5
WAR	5
TYB	5
FEB	5
HDR	5
FCI	5
COC	5
NPC	5
JJP	5
LTI	5
UL	5
MAI	5
RCM	5
FZ	5
LAN	5
MAR	5
RAG	5
SAA	5
ESR	5
THX	5
NLM	5
AY	5
EON	5
SRF	5
MSN	5
KAS	5
CLR	5
TSH	5
SKS	5
TUC	5
M&M	5
VNR	5
AVI	5
AGS	5
LAI	5
SLE	5
AKS	5
ESE	5
COM	5
MBC	5
KYU	5
FCS	5
JIS	5
ALI	5
JJJ	5
HEE	5
AGI	5
CGP	5
PHN	5
ABG	5
QC	5
HOA	5
BHT	4
Vincent	4
MDG	4
Peterson	4
BNC	4
MAX	4
MKM	4
MDH	4
HHS	4
HAT	4
DYP	4
POT	4
IPR	4
RMD	4
FDN	4
RY	4
BHP	4
Y2K	4
JW	4
OTK	4
SGS	4
GPO	4
TAP	4
F9R	4
VVS	4
DNC	4
L0L	4
D2H	4
AOC	4
EMU	4
MVR	4
FML	4
KLR	4
MPK	4
HCQ	4
CRN	4
NNN	4
UGA	4
RTK	4
NBR	4
UDI	4
UTV	4
OSD	4
DMC	4
BYK	4
RX	4
GV	4
DQ	4
UAI	4
TTC	4
DXB	4
AED	4
LPA	4
NF	4
OBO	4
ATV	4
ICS	4
RDH	4
SU	4
BJS	4
EVS	4
LAS	4
QDK	4
BET	4
BYE	4
DFO	4
HRC	4
BJY	4
FAV	4
IMX	4
HIS	4
CCB	4
ILS	4
BBL	4
LJP	4
MCC	4
LNL	4
WK	4
GOW	4
DFC	4
RUM	4
HEY	4
ATH	4
AHO	4
BJD	4
VGM	4
SCC	4
KYN	4
PFC	4
CAF	4
YOG	4
JSA	4
SBB	4
EDM	4
RAV	4
VBP	4
PYC	4
LNG	4
TVF	4
PCO	4
IRA	4
MJP	4
SHO	4
DII	4
ASS	4
KHO	4
BAM	4
MIA	4
AAE	4
CIC	4
BHA	4
IDS	4
LY	4
TF	4
CRM	4
MTM	4
SLR	4
DME	4
EQ	4
PET	4
HY	4
PRN	4
AGM	4
JRD	4
ISO	4
NAK	4
HHH	4
PPI	4
MW	4
BFC	4
ECB	4
LAT	4
HMT	4
TSS	4
POS	4
KAK	4
DZ	4
RAN	4
BIP	4
GPU	4
KDP	4
LH	4
DEN	4
GPT	4
ATL	4
PVN	4
SEX	4
DHU	4
MCI	4
ICL	4
BIO	4
CU	4
KBP	4
IBA	4
RRC	4
ZAK	4
IVF	4
FII	4
TAO	4
PPS	4
SME	4
ABB	4
NSC	4
SET	4
IVR	4
EPR	4
MBB	4
RND	4
AMI	4
PUB	4
TDK	4
SSB	4
TIP	4
MGL	4
BHC	4
MAB	4
QK	4
BRE	4
TEC	4
SWT	4
JG	4
PMY	4
IGL	4
ALU	4
CRP	4
CNP	4
HAJ	4
ADS	4
PYQ	4
MND	4
ITP	4
R&D	4
PDM	4
NPK	4
DTA	4
HLA	4
MAZ	4
GGG	4
DIV	4
QQQ	4
TUM	4
XXO	4
XY	4
HUF	4
VCM	4
MOL	4
CIT	4
VH	4
MVG	4
EAK	4
NFC	4
STA	4
EIA	4
HGH	4
CBC	4
IHM	3
Ronald	3
KGB	3
Hernandez	3
STP	3
LHB	3
RAC	3
IPA	3
RCR	3
BMP	3
LKS	3
KTR	3
BLO	3
IDD	3
TON	3
HBO	3
OTC	3
ROC	3
FEE	3
TWO	3
DPC	3
GIT	3
YIN	3
WAS	3
PUT	3
LHS	3
DRP	3
HER	3
MAF	3
HON	3
GCV	3
MCS	3
FN	3
TJN	3
H3Y	3
JHT	3
MKS	3
GPD	3
OHH	3
GIS	3
PAT	3
SAN	3
SAW	3
XII	3
TAD	3
EMV	3
MCR	3
LSD	3
SPY	3
HU	3
PEN	3
FIA	3
NSP	3
OFB	3
ACG	3
OTS	3
PBK	3
SRL	3
SHM	3
KTG	3
SMT	3
LEC	3
NME	3
SOL	3
ORS	3
FFF	3
NYE	3
CFA	3
SIN	3
FCB	3
SBL	3
OMS	3
SWA	3
HAM	3
BVS	3
PMR	3
CFD	3
O_O	3
ROR	3
CDP	3
BMX	3
GWS	3
SUN	3
UMC	3
OST	3
HUG	3
WAW	3
NSD	3
NEP	3
UTC	3
RGF	3
NAC	3
JAR	3
MDN	3
TED	3
GUL	3
DRD	3
ILY	3
BCP	3
NVR	3
RMS	3
TOH	3
DAR	3
NWH	3
SPO	3
IYC	3
GMR	3
S2U	3
LSG	3
SMK	3
MSI	3
ISB	3
NCI	3
HGV	3
MUI	3
KJO	3
NTV	3
TEM	3
PRJ	3
KAA	3
OUR	3
CRT	3
ARC	3
NCW	3
VE	3
HAH	3
WKW	3
XM	3
FOS	3
EDC	3
FHA	3
TKF	3
HAQ	3
KDM	3
GAD	3
TOO	3
PKL	3
FAB	3
POA	3
OBS	3
PUR	3
TAS	3
CUP	3
FAT	3
CAC	3
JAM	3
KEL	3
BVG	3
PCA	3
DDJ	3
IDI	3
AIS	3
EWM	3
OOS	3
SGX	3
TAT	3
FIX	3
APA	3
SLY	3
PAL	3
GUN	3
PTO	3
ECP	3
MOS	3
BRB	3
BIT	3
SPN	3
TOD	3
MOD	3
IRL	3
MGB	3
TW	3
WRT	3
ADB	3
PKG	3
WOM	3
BRU	3
RPM	3
FUP	3
BOB	3
OTA	3
CRY	3
EEH	3
ROJ	3
NSB	3
MCX	3
TKT	3
GEC	3
OU	3
BFA	3
CSS	3
PAA	3
YR	3
TFR	3
EKA	3
PTM	3
DDN	3
A-Z	3
XR	3
MHT	3
NCN	3
PMB	3
WTH	3
FPI	3
UPT	3
DDG	3
VLC	3
HJS	3
JNV	3
FAQ	3
PJP	3
KW	3
RCV	3
KN	3
FAR	3
RDU	3
MMP	3
RTS	3
ABT	3
EDA	3
PSB	3
GAY	3
SEB	3
JSB	3
XC	3
TIG	3
KYO	3
OYC	3
YJ	3
TFT	3
AKC	3
SHA	3
VAX	3
I'M	3
SDG	3
UAS	3
HCC	3
SSN	3
SOW	3
UFS	3
SBM	3
ADR	3
SGM	3
LLC	3
BDA	3
GTT	3
SRM	3
KYA	3
JCT	3
ABI	3
TBC	3
GAN	3
NJP	3
YNB	3
SST	3
LN	3
AHS	3
FUN	3
TVA	3
RKC	3
UDT	3
ZR	3
PIP	3
ANR	3
CRI	3
PBM	3
KON	3
A&B	3
PLL	3
ING	3
MEM	3
TTA	3
NON	3
ASV	3
YK	3
VIX	3
LI	3
YY	3
GAR	3
HOW	3
GBS	3
LDL	3
TTM	3
JY	3
FTO	3
CCT	3
AIK	3
TRF	3
SAK	3
NYA	3
MAS	3
MGH	3
TSD	3
TAN	3
CCE	3
PTC	3
CHL	3
SHI	3
LBH	3
KJH	3
MSU	2
Baltimore	2
KMC	2
LOD	2
YSK	2
MQC	2
NFS	2
HYD	2
ITM	2
RUN	2
ECS	2
ARA	2
CNX	2
DES	2
YET	2
CHQ	2
ADF	2
VVD	2
KUT	2
YI	2
KPU	2
MDS	2
K3G	2
GND	2
UO	2
E&C	2
ZOT	2
ZD	2
THR	2
NDC	2
GNW	2
VUP	2
O9L	2
GBM	2
NYU	2
JBJ	2
BES	2
DYC	2
LE	2
CIS	2
WTT	2
KSR	2
OWO	2
BID	2
IIN	2
HYA	2
KRS	2
BDC	2
KAT	2
MPE	2
RKI	2
ICE	2
A2Z	2
CFS	2
LRD	2
RGD	2
RDJ	2
CHC	2
AUG	2
DOC	2
MTN	2
KVA	2
TMI	2
PFS	2
WWC	2
SPS	2
FTX	2
IVC	2
QF	2
BNG	2
HNI	2
ADC	2
DER	2
SMH	2
OBP	2
PSD	2
YGM	2
REG	2
SSI	2
RMC	2
B7Y	2
RU	2
TIC	2
ZEK	2
PAY	2
GIP	2
DBC	2
TMO	2
OBJ	2
KOO	2
CAM	2
MFA	2
KCA	2
QOL	2
CPT	2
ASH	2
DKV	2
MBD	2
BOP	2
KIM	2
YMI	2
FIS	2
SNS	2
RDM	2
KQ	2
MPT	2
GOS	2
OFC	2
AIQ	2
MFI	2
FBS	2
TKN	2
MDA	2
KST	2
SLP	2
OKK	2
KTU	2
SPA	2
BIB	2
TTE	2
LIE	2
ITO	2
KHC	2
ABO	2
MRO	2
DUD	2
MFG	2
MOG	2
KIW	2
XIC	2
SHE	2
DVS	2
EAD	2
VOD	2
SBH	2
TVC	2
OV	2
ZF	2
RNU	2
VSA	2
BRI	2
LO	2
MAC	2
DBJ	2
NDB	2
AIT	2
STR	2
AFG	2
BHR	2
KUL	2
BOC	2
KUP	2
FAM	2
ASC	2
PAH	2
GER	2
KHS	2
CCM	2
SON	2
ASR	2
PAD	2
TAL	2
DIE	2
WNS	2
FSB	2
OVC	2
FYA	2
KSE	2
CSG	2
TTD	2
RTR	2
CLP	2
PPO	2
QPR	2
AXN	2
DBN	2
UCO	2
CTR	2
XPS	2
DKS	2
BNF	2
JLT	2
ALF	2
PES	2
UCN	2
TLC	2
BAT	2
SHS	2
BTM	2
FH	2
HMO	2
TEA	2
SBA	2
BPD	2
UJ	2
CIB	2
MVS	2
WV	2
VID	2
MCP	2
KJT	2
SNF	2
TFB	2
BGS	2
DBS	2
IEI	2
BBY	2
DOR	2
VQ	2
A-M	2
SUT	2
DEX	2
TPS	2
BOE	2
LCH	2
MIB	2
TWT	2
BNN	2
UUU	2
T0I	2
WTP	2
UVA	2
UMZ	2
LFG	2
LWD	2
SFM	2
KPS	2
NAO	2
BZP	2
JMC	2
MUT	2
GUI	2
BCN	2
RRP	2
CAN	2
QUE	2
CUT	2
TOB	2
NAY	2
VFM	2
NCD	2
WZ	2
HUM	2
SQ	2
ECU	2
BBH	2
CRR	2
YUM	2
ETT	2
PRE	2
OCM	2
ADT	2
UCG	2
EL	2
ATR	2
NAM	2
RIA	2
TTP	2
PCD	2
MRM	2
DUN	2
GDN	2
KZ	2
MCE	2
IIB	2
IGN	2
PAS	2
BYO	2
NCA	2
YHC	2
BGC	2
ADK	2
RJB	2
FYP	2
EH	2
FPS	2
EMR	2
HRS	2
IGI	2
ITK	2
GCA	2
FNF	2
OTV	2
HCW	2
HSA	2
HSL	2
ASK	2
MCB	2
KSG	2
KVS	2
EVE	2
SEE	2
SAC	2
XAT	2
YU	2
RIL	2
DMO	2
SKP	2
MMJ	2
SOT	2
GAI	2
GUT	2
DKP	2
HUH	2
AIA	2
T2F	2
FCP	2
STM	2
PFT	2
COL	2
TOF	2
GNP	2
PCS	2
IRT	2
MBL	2
DUR	2
CTM	2
BEE	2
PFA	2
QTR	2
MHO	2
TPM	2
SCG	2
MKT	2
GUD	2
YCN	2
LUV	2
PHM	2
SDH	2
SRB	2
AFK	2
JCL	2
TVR	2
DCH	2
BOS	2
AMT	2
SPV	2
STB	2
NGC	2
NEU	2
UBI	2
MUL	2
RMP	2
RLY	2
OTM	2
DUI	2
ADA	2
WCL	2
FI	2
YAR	2
EOS	2
UFA	2
CME	2
BBF	2
SVM	2
DSN	2
DNT	2
RPA	2
HOF	2
MEP	2
NAU	2
DYA	2
RSA	2
ADE	2
NCO	2
UE	2
PDK	2
ANY	2
PMG	2
YHM	2
MML	2
DBL	2
MNK	2
MMM	2
FMT	2
TWS	2
CEC	2
UTA	2
MBS	2
ZY	2
JOY	2
NSO	2
BLW	2
BIM	2
JMA	2
DIN	2
PED	2
BEL	2
EDP	2
DRI	2
GLS	2
THA	2
BYN	2
WEE	2
KAD	2
CMV	2
WID	2
SGN	2
CRL	2
PEK	2
PKX	2
UKG	2
ILD	2
MPC	2
HMX	2
OOM	2
IHU	2
LNT	2
HTP	2
GSP	2
XDR	2
ABM	2
DLS	2
NVA	2
YAT	2
KRO	2
SRY	2
HBL	2
KIV	2
VJP	2
RKP	2
DNH	2
PPA	2
HKP	2
AIC	2
VSR	2
KNR	2
GIC	2
LIV	2
VAB	2
AJI	2
GJP	2
NYY	2
NLU	2
SPH	2
HMB	2
WOR	2
HBX	2
ECT	2
NAG	2
NNP	2
ARO	2
VCL	2
I'D	2
UNS	2
GMO	2
OAL	2
AAD	2
DOA	2
EIS	2
YTV	2
FUT	2
S`N	2
OAC	2
KMP	2
P&P	2
ZOO	2
EY	2
BOD	2
PNL	2
QP	2
QNA	2
J1N	2
CDT	2
SGA	2
VFS	2
VGI	2
B&D	2
VMC	2
RLD	2
FX	2
NMK	2
JAP	2
LCM	2
DSR	2
WAA	2
TNA	2
JDP	2
KDA	2
RRJ	2
FAL	2
MRA	2
JOG	2
GNA	2
MTA	2
NRS	2
SLA	2
RDD	2
FOX	2
NHL	2
MEI	2
DAN	2
LPP	2
DOT	2
BSW	2
CDC	2
ESD	2
EIL	2
LOG	2
NCS	2
ROA	2
GVA	2
DCX	2
HEC	2
CTT	2
NKA	2
KAB	2
AAL	2
BNP	2
JN	2
XDA	2
PRP	2
MMD	2
ASD	2
HEG	2
AXA	2
PAF	2
IOU	2
PRI	2
ATD	2
DAL	2
ZT	2
BNA	2
THQ	2
IDP	2
AEG	2
TOM	2
ITE	2
DRY	2
IGE	2
MKD	2
RNR	2
VAG	2
PZ	2
YMT	2
GAF	2
K2S	2
GFR	2
SSK	2
XEN	2
MOP	2
DST	2
JMI	2
LMP	2
JSM	2
KPP	2
KKV	2
AWD	2
GOO	2
NDT	2
APF	2
VCC	2
BKT	2
BKP	2
EEO	2
BHE	2
MOB	2
DIR	2
LBC	2
PHH	2
YVK	2
SFJ	2
LX	2
RVN	2
NAB	2
SLC	2
LKN	2
ALM	2
LPB	2
SSW	2
OIS	2
JMP	2
VRD	2
TDM	2
EEE	2
SVC	1
RDB	1
LDE	1
ARP	1
CVC	1
DBK	1
KLF	1
SVS	1
MLD	1
GRA	1
MGV	1
IMG	1
PY	1
UNF	1
ONC	1
HTS	1
JMN	1
GAM	1
NMS	1
TPC	1
VIS	1
KMT	1
SDE	1
MUM	1
BVP	1
FNY	1
AWA	1
MLB	1
ATF	1
DMG	1
OKB	1
EBS	1
OLE	1
MMB	1
FBF	1
SNO	1
GHE	1
SMW	1
VUW	1
CRO	1
THT	1
MQ	1
ISP	1
UWE	1
G5A	1
EUA	1
XS	1
BXX	1
JU	1
RIM	1
FMC	1
M%S	1
SEG	1
NIN	1
PCH	1
GUY	1
FYR	1
YCR	1
KDB	1
WMD	1
OWN	1
RCH	1
ZU	1
GLO	1
SKM	1
A1P	1
ASP	1
NAW	1
OSX	1
AUH	1
MNG	1
E-Y	1
TNM	1
VBW	1
VDB	1
PSW	1
GEN	1
DCS	1
PCE	1
HOU	1
DSH	1
MPP	1
YGP	1
AFL	1
MRR	1
DML	1
DCL	1
D=P	1
C0K	1
W1N	1
JPM	1
TUV	1
OVR	1
AMA	1
ADH	1
OY	1
PGY	1
KUV	1
B2X	1
SBD	1
DPS	1
RNS	1
NNR	1
CRB	1
SRE	1
NSW	1
WKC	1
IRE	1
PMI	1
V(B	1
BSB	1
BBW	1
PNQ	1
X2R	1
KVG	1
RTF	1
UDF	1
RSV	1
IOI	1
NKP	1
C-D	1
ISA	1
ICM	1
MWC	1
MFE	1
JAS	1
MTL	1
URT	1
L_L	1
OVL	1
DCR	1
S•P	1
UTH	1
BKD	1
NRO	1
USC	1
HUB	1
SYB	1
SVD	1
UNI	1
LTC	1
OTI	1
YBC	1
T6X	1
A2B	1
C-P	1
EAT	1
M4A	1
JJM	1
CCS	1
UHC	1
Q9P	1
EAC	1
ABS	1
IID	1
NBN	1
PCT	1
GVP	1
WTI	1
RHB	1
ALB	1
JMD	1
DJB	1
LOH	1
LRK	1
TFI	1
PAW	1
B1E	1
PTK	1
NCK	1
CJM	1
LIA	1
XBA	1
JRF	1
PCV	1
IMU	1
Y5M	1
DDT	1
RCA	1
OE	1
RTN	1
FOH	1
UUN	1
KBR	1
MNU	1
M2M	1
BRP	1
AUD	1
FAF	1
DKI	1
RTD	1
FBB	1
GNE	1
LKQ	1
ODF	1
AAB	1
HOE	1
BJM	1
ELF	1
MVC	1
PEB	1
DUO	1
OWL	1
VCK	1
FG	1
MHP	1
JPS	1
PMV	1
NNU	1
ZOP	1
NED	1
BVM	1
EDU	1
BVB	1
PPC	1
SKN	1
HEJ	1
LRO	1
M2C	1
COE	1
WM	1
EPA	1
E_A	1
ZUO	1
F-U	1
BSY	1
JST	1
NGE	1
TMM	1
SSO	1
L-E	1
RES	1
A+C	1
EFH	1
OCW	1
DEF	1
CEN	1
MUY	1
KJK	1
GRR	1
FWD	1
IBL	1
EPI	1
ETP	1
QIB	1
QSR	1
LBG	1
EIM	1
SCU	1
J3N	1
ACN	1
SMI	1
SWR	1
RLE	1
NHS	1
YUP	1
BWL	1
P-T	1
ORR	1
EFM	1
CBL	1
L+C	1
KPI	1
ZMA	1
EVA	1
DOM	1
PIG	1
CON	1
PHS	1
RJG	1
P2P	1
RJN	1
UBL	1
PKV	1
ABU	1
PLN	1
YV	1
SOU	1
PUL	1
PTR	1
LET	1
REF	1
AIF	1
PEE	1
SMJ	1
CTA	1
RMM	1
H3U	1
BMZ	1
HFD	1
PAV	1
HBT	1
OGS	1
CHH	1
IFA	1
BCT	1
LVV	1
DUB	1
PKR	1
XLS	1
SMO	1
ESL	1
B7V	1
KVK	1
JKR	1
ARS	1
DOS	1
O4O	1
BAE	1
OCN	1
UY	1
EBI	1
LEA	1
TSM	1
AEW	1
NBE	1
PSO	1
P7B	1
PGV	1
BNB	1
JPL	1
WMC	1
JDL	1
JVL	1
DKM	1
V(M	1
JCO	1
RKS	1
FEA	1
VKU	1
UEL	1
SRS	1
BNY	1
HYN	1
CCV	1
GDL	1
GCF	1
CHN	1
NIO	1
EMA	1
CJS	1
C6H	1
P6Z	1
IPH	1
ODM	1
YOM	1
HLR	1
ITS	1
S1E	1
WCE	1
ABN	1
COG	1
IIJ	1
CSD	1
NNS	1
AVL	1
M+Y	1
M+M	1
FTV	1
SOM	1
HAO	1
HVC	1
JNA	1
OOK	1
UBR	1
DSS	1
RPN	1
UMP	1
NDL	1
TOR	1
TCL	1
ISH	1
ONS	1
LDF	1
B-R	1
ATG	1
SBY	1
VJC	1
MSQ	1
KOH	1
K2H	1
BJL	1
AAW	1
MNR	1
Q_E	1
ACM	1
WAY	1
KZB	1
VMA	1
FAD	1
LSR	1
RAP	1
QIQ	1
LKM	1
OJQ	1
M-P	1
K9D	1
RSM	1
LOT	1
DCD	1
HPY	1
HND	1
WEA	1
GVL	1
BDP	1
VBT	1
TPE	1
DDP	1
CNO	1
NX	1
CDI	1
ZVN	1
GQ	1
GMT	1
TIR	1
SMM	1
HMP	1
YW	1
RMB	1
OA	1
F2F	1
R2G	1
ALX	1
THU	1
IYE	1
KTP	1
ATT	1
LID	1
WCP	1
CIU	1
MNV	1
QOC	1
ITD	1
F4F	1
RAF	1
DIC	1
VZ	1
BMB	1
OPM	1
DWC	1
CRF	1
HWH	1
RDP	1
ZAD	1
DHO	1
OJT	1
TYM	1
WHU	1
WAM	1
X-P	1
A'G	1
MUG	1
ANK	1
SIH	1
TAU	1
CEX	1
KLO	1
NUN	1
KF	1
NOD	1
UKK	1
L)L	1
YTC	1
AHM	1
CPF	1
OJ	1
MPN	1
DTP	1
RMO	1
R8H	1
DDA	1
FSG	1
BOR	1
TER	1
BOO	1
BSD	1
GTI	1
CHM	1
GUM	1
URC	1
VAL	1
CJB	1
VIA	1
FBH	1
CIP	1
TGT	1
APD	1
BMD	1
BRD	1
AWC	1
ONL	1
D3S	1
RAZ	1
BIU	1
GES	1
NRM	1
X3W	1
WDP	1
HTL	1
MVN	1
MVQ	1
PTS	1
XYX	1
AGT	1
UAC	1
OSU	1
XSS	1
HYV	1
ZK	1
A=C	1
POC	1
SES	1
CAE	1
GIL	1
LST	1
NEA	1
TCO	1
TSR	1
H-M	1
LCR	1
AOE	1
VUT	1
UNE	1
R3H	1
CEW	1
ZEP	1
OHO	1
CMI	1
QDS	1
BAU	1
MLZ	1
VL	1
CDQ	1
HHP	1
DGT	1
NOO	1
DPD	1
HPA	1
CDN	1
PVD	1
LDM	1
IGO	1
RZP	1
RSU	1
CRV	1
SND	1
SHR	1
DRW	1
PIO	1
BAF	1
VPS	1
AEM	1
OYE	1
OHE	1
JAH	1
WSH	1
LJN	1
DGR	1
BGL	1
ELG	1
C(D	1
U_U	1
PRS	1
AKH	1
IJN	1
G&T	1
LIY	1
Q-A	1
LLG	1
PWP	1
JKT	1
IOD	1
GBV	1
P-E	1
PRB	1
GBR	1
TYQ	1
BAH	1
MIX	1
KLY	1
WYA	1
ZH	1
LRT	1
ARM	1
ZMR	1
NRB	1
NDM	1
EED	1
CLE	1
MEB	1
BEG	1
G-M	1
BTT	1
URU	1
NYB	1
DNR	1
ZDI	1
HFC	1
NDE	1
YVR	1
PQC	1
PMK	1
RMN	1
PVL	1
KOP	1
W7K	1
RMV	1
JZO	1
AYE	1
GAV	1
AVS	1
DAU	1
MHR	1
S2P	1
JNE	1
BLC	1
VGS	1
MPJ	1
DPM	1
EHA	1
COP	1
O=D	1
HAS	1
VU	1
OSA	1
DPL	1
LMC	1
KKN	1
MFD	1
SJK	1
IMB	1
BQC	1
X-V	1
SMV	1
NMU	1
HII	1
E+D	1
CNB	1
SIL	1
MGR	1
LDO	1
OUP	1
ORT	1
PLM	1
REP	1
L0B	1
OCC	1
ROZ	1
SFC	1
SDF	1
ETS	1
L7W	1
B_E	1
PJO	1
IFO	1
WTV	1
M0E	1
CBG	1
FRA	1
FYF	1
UMT	1
FSK	1
MGT	1
MVD	1
ESS	1
LTG	1
P-P	1
DBA	1
GHO	1
J(G	1
SSL	1
GPF	1
AZZ	1
B6P	1
PPD	1
DCI	1
OCV	1
MKI	1
TTS	1
ROD	1
HCP	1
CFO	1
OJU	1
RBS	1
OLM	1
PHB	1
GAL	1
BBK	1
LDC	1
S2S	1
WU	1
FW	1
AEE	1
AVK	1
RBH	1
KSU	1
HDL	1
HOI	1
MFL	1
NBW	1
UAF	1
DOI	1
DSI	1
GRT	1
QUV	1
SOG	1
BLS	1
OSB	1
W7E	1
BIK	1
C&C	1
ROE	1
TKL	1
SVH	1
VRR	1
MCL	1
P&G	1
RVC	1
EWC	1
IOK	1
AMS	1
EMG	1
MKN	1
DCF	1
SCN	1
PMN	1
TDC	1
NDS	1
GUB	1
MEE	1
VBD	1
BBJ	1
JBP	1
F&F	1
BGU	1
DEA	1
ROY	1
CHF	1
KKO	1
BGN	1
F&D	1
JVC	1
RNC	1
B&C	1
DAS	1
GMV	1
ZDP	1
FCF	1
FV	1
GPC	1
PKI	1
GTX	1
KAU	1
TOK	1
RCS	1
JAG	1
LVM	1
ZWL	1
AAC	1
RTA	1
NVP	1
JYA	1
CVT	1
DDF	1
CCR	1
FED	1
VAS	1
VDK	1
HSE	1
IED	1
GRC	1
PVS	1
BIS	1
QPP	1
HJ	1
WN	1
ISF	1
R-R	1
JUM	1
AGK	1
MBJ	1
EVN	1
L4L	1
VHB	1
DYI	1
LIS	1
VER	1
VTL	1
PBR	1
ADL	1
LHV	1
ZKV	1
NWA	1
URP	1
AGR	1
MDL	1
SDK	1
OMP	1
UBA	1
CLL	1
SPC	1
VBJ	1
G7X	1
VDM	1
TCR	1
TPA	1
RAU	1
FEL	1
RKJ	1
LAY	1
SXX	1
KDS	1
YTB	1
PMA	1
VTC	1
DMT	1
YTL	1
KEI	1
ABE	1
URF	1
DPI	1
FSH	1
YEH	1
QFC	1
UHD	1
RCI	1
MFS	1
VEB	1
IXX	1
UPL	1
KSS	1
SCI	1
VCU	1
PER	1
SRJ	1
MSV	1
INK	1
DET	1
PDB	1
TEP	1
A2A	1
MDK	1
ADO	1
T-Z	1
MJM	1
BUY	1
JMS	1
IQM	1
IBU	1
NSU	1
NEB	1
JEB	1
LCL	1
EME	1
EGA	1
AAV	1
KRT	1
FSL	1
PIS	1
SHC	1
JSY	1
KMI	1
SUL	1
HQK	1
BAK	1
VRL	1
GNT	1
DCG	1
FLG	1
BGH	1
LCA	1
VDI	1
MRN	1
NOA	1
FJ	1
DCE	1
HRI	1
JUI	1
MPV	1
QAA	1
GDF	1
FAU	1
AMP	1
BCD	1
BNW	1
CRC	1
TFM	1
VIN	1
NAN	1
TCU	1
BTA	1
RUP	1
BMT	1
LAV	1
CMN	1
DUA	1
SSG	1
UAR	1
DDI	1
BBN	1
IEA	1
JGA	1
HAY	1
EOY	1
GET	1
UW	1
OMT	1
DTS	1
HCV	1
LCV	1
FUI	1
BEC	1
AAR	1
URN	1
GMB	1
PVP	1
PLD	1
FRO	1
HKV	1
BTB	1
C6C	1
IW	1
DDM	1
EST	1
AHY	1
GPW	1
CNS	1
M_N	1
HRM	1
VDS	1
SDS	1
HEI	1
GKN	1
RYA	1
ONN	1
PPN	1
DJL	1
VAH	1
SNA	1
ANA	1
SNH	1
RFT	1
VAF	1
TRN	1
KDY	1
RKK	1
MSS	1
ILI	1
MZA	1
AIV	1
EKI	1
A&N	1
UUS	1
B&B	1
DCB	1
CSP	1
CMU	1
JIM	1
RMA	1
MNN	1
LAA	1
AMO	1
I(I	1
UPM	1
WAI	1
ZTE	1
TTT	1
EMF	1
H&S	1
JAD	1
NMO	1
A-B	1
HPL	1
BX	1
WAX	1
SGT	1
SAY	1
NLA	1
COI	1
LRG	1
RML	1
GHU	1
JZ	1
MỈM	1
SLZ	1
ESW	1
FMF	1
SKF	1
LOO	1
XMS	1
ZVD	1
VWP	1
VPA	1
IBD	1
D+C	1
EDO	1
CKT	1
RFC	1
JKG	1
CXC	1
DXN	1
PDC	1
VJA	1
LCI	1
GRL	1
W6X	1
REV	1
TVG	1
UMJ	1
IBI	1
BFR	1
VBL	1
AX	1
VWX	1
VJI	1
GRM	1
UHF	1
MJH	1
IGX	1
ACD	1
FVP	1
T&C	1
TSE	1
GRS	1
OWA	1
XO	1
NMH	1
UCB	1
DMS	1
VBG	1
VGA	1
PSE	1
YBT	1
VHF	1
CTO	1
UTR	1
WAG	1
HZ	1
MJN	1
ZAI	1
DFM	1
TOT	1
RFP	1
MKC	1
ZOL	1
GOL	1
PAI	1
NIR	1
NEC	1
JQ	1
LER	1
LBJ	1
VRI	1
AIO	1
DIT	1
GFS	1
FJP	1
FPV	1
UDC	1
HMA	1
ALG	1
KKW	1
GTR	1
WOH	1
NRV	1
UH	1
SUP	1
CFT	1
DJP	1
TOL	1
BAS	1
X+Y	1
W+V	1
SLM	1
ECD	1
SAU	1
NRP	1
GDA	1
HBY	1
M&R	1
CPA	1
EKC	1
CCG	1
TRY	1
SLV	1
FOD	1
FRY	1
QD	1
ECE	1
AVD	1
KKJ	1
GUR	1
WHP	1
AHF	1
JJH	1
POR	1
KSM	1
LGB	1
TEL	1
CHY	1
CTK	1
BGR	1
JFK	1
WBA	1
ITU	1
CHD	1
NBS	1
EBA	1
HDG	1
LVU	1
LON	1
KGL	1
BSU	1
AGW	1
LML	1
STT	1
MAP	1
CTP	1
WWW	1
DPU	1
FLY	1
JPG	1
PKK	1
CY	1
BDY	1
MNL	1
EUV	1
IFP	1
UDP	1
HBC	1
F&N	1
MRC	1
EAY	1
VY	1
STN	1
VDA	1
TEX	1
MCH	1
A&T	1
NMR	1
NWO	1
EBV	1
MDB	1
UEA	1
H5N	1
VIZ	1
BCE	1
FTT	1
UPP	1
SFT	1
AZT	1
APO	1
EZ	1
CPO	1
PDO	1
TVL	1
KVN	1
TJK	1
ZNB	1
CGS	1
UDV	1
SDP	1
SBK	1
JYM	1
VAO	1
EPN	1
AKB	1
GRB	1
VLE	1
EXP	1
HMD	1
EDK	1
SVB	1
ECR	1
PQP	1
PNP	1
VCF	1
NST	1
BNT	1
KMS	1
KOI	1
RCT	1
A8L	1
KGS	1
CGA	1
SDN	1
LWS	1
AJR	1
RDS	1
FTN	1
HTA	1
CSO	1
JJR	1
CFB	1
AHI	1
RIN	1
MHW	1
NVM	1
GAA	1
LMM	1
AJJ	1
WDC	1
PSR	1
VAD	1
PDR	1
FIL	1
ZM	1
CDD	1
ZUK	1
TCN	1
KJV	1
IJ	1
SRD	1
PGR	1
CRD	1
AAY	1
NTB	1
JAJ	1
OBA	1
XML	1
ROW	1
TDL	1
HVM	1
HLP	1
JEA	1
ECM	1
MOT	1
NYS	1
SRN	1
YAD	1
BHG	1
TUB	1
YYZ	1
FPC	1
FOM	1
KLA	1
AKG	1
HUD	1
BVK	1
VFR	1
CDA	1
NSL	1
SHB	1
SBP	1
CNR	1
LEL	1
REC	1
YRK	1
LVF	1
K1K	1
UBD	1
PGE	1
MYH	1
UST	1
RTU	1
AOI	1
TIE	1
S4S	1
NIB	1
ROP	1
AZU	1
IOP	1
OPT	1
BBI	1
BNI	1
THK	1
YPF	1
XZ	1
KGD	1
TQQ	1
EDT	1
BMR	1
BPE	1
BQ	1
SAE	1
UCI	1
DVP	1
RAD	1
WPM	1
BOJ	1
EMS	1
UNC	1
CAS	1
GIO	1
GGT	1
YYA	1
LSA	1
NZZ	1
EFG	1
HSS	1
HDI	1
LHC	1
IRP	1
WSW	1
CNF	1
C+S	1
QRS	1
JIC	1
RGG	1
G8X	1
G8S	1
OHP	1
IPI	1
LUD	1
MNA	1
ADM	1
Y-Z	1
KBN	1
EQM	1
CCU	1
ABK	1
BLP	1
SKT	1
DSC	1
PJB	1
GCC	1
MTG	1
GPM	1
LMD	1
NPH	1
DMR	1
CBK	1
IAI	1
BXP	1
CBB	1
NHB	1
CMB	1
SUS	1
D&C	1
UGG	1
LAK	1
A+B	1
TBS	1
XIX	1
QUT	1
JJD	1
FKT	1
QAN	1
MAU	1
LVD	1
VDD	1
CRW	1
NKI	1
AJK	1
MWP	1
WOO	1
EUU	1
DBR	1
ZA	1
P+P	1
SOO	1
VF	1
SOY	1
NSK	1
VII	1
HDP	1
GJB	1
SSM	1
BND	1
KNS	1
GGR	1
TBN	1
BKK	1
PRK	1
JML	1
ZB	1
GLE	1
IOM	1
NLD	1
T0T	1
FLW	1
ELK	1
AEV	1
KYY	1
JIT	1
ALO	1
CSU	1
NTS	1
FHM	1
DDK	1
AKT	1
BWS	1
SVF	1
KMW	1
GHI	1
MKR	1
RL	1
M\U	1
WBP	1
ZCD	1
PHI	1
NZL	1
TLP	1
QG	1
H7I	1
SPI	1
BJE	1
WMA	1
MEY	1
XVI	1
BKN	1
NOG	1
K-P	1
RTV	1
AQI	1
SMC	1
ADP	1
AFF	1
SEA	1
CCK	1
I7U	1
XTC	1
MDZ	1
SWC	1
EVO	1
OLD	1
TIK	1
JSC	1
KPF	1
EAW	1
MMG	1
JLI	1
BPQ	1
SPB	1
VPJ	1
STX	1
YN	1
VHT	1
PKS	1
ZAB	1
YKH	1
MQM	1
ANP	1
HAN	1
BBT	1
DMF	1
CFJ	1
UCK	1
SWE	1
PLC	1
NGL	1
LPU	1
DKD	1
UBE	1
YUK	1
KKL	1
