Mumbai	55746
Modi	34450
BJP	27063
Pune	25165
CM	24044
Shri	18315
India	15381
Tweet	11044
Muslim	10836
Nagpur	9874
NCP	9491
Rao	7801
Pakistan	7587
Kolhapur	6923
Ajit	6632
BBC	6003
Raja	5816
ED	5714
Twitter	5577
PM	5082
Thackeray	4868
Modiji	4632
Youtube	4509
RT	4398
Deshmukh	4263
Gujarat	4241
Bihar	4135
Delhi	4091
Goa	3735
Rohit	3395
Ganesh	3264
Bollywood	3234
Jalgaon	3200
UP	3125
BB	2966
LA	2845
Chatrapati	2804
MNS	2697
Rajesh	2695
TV	2688
MVA	2581
Solapur	2534
PSI	2498
MH	2455
Paul	2369
America	2285
Allah	2259
BMC	2254
Krishna	2250
Jane	2116
Bali	2111
MLA	2074
Google	1971
GR	1961
Scindia	1852
RSS	1834
IT	1778
ST	1699
Mira	1562
SS	1512
MI	1476
MP	1448
CBI	1423
Buddha	1372
Punjab	1276
Trump	1272
Islam	1260
KY	1200
EVM	1175
Tim	1124
TRP	1072
Dubai	1030
OBC	1029
TR	1028
SC	1019
MM	1010
Sara	987
DM	938
FIR	933
VBA	893
GST	867
HM	849
BC	835
SAM	831
Thor	810
Amazon	804
UT	758
PR	751
AAP	729
US	693
BEN	659
ABP	656
OK	645
SSR	638
AC	624
IPL	617
Sri	617
USA	583
Bombay	579
ATA	555
JKV	515
ASA	501
GDP	498
BBM	497
EWS	496
FB	490
Smith	477
MCQ	474
DP	468
EMI	462
NCB	457
PMC	453
BP	430
Hitler	408
AB	392
Jawaharlal	383
Russia	378
Israel	375
TL	366
MIM	365
DF	364
NY	360
Europe	350
ID	349
RIP	347
WHO	343
DJ	339
CH	335
SRK	332
BTW	323
YZ	316
France	312
IAS	312
Goan	309
Arab	308
AK	306
CAA	298
STI	298
RBI	295
CA	294
ZP	294
VA	293
RTO	288
UK	286
RG	280
UGC	280
RS	278
MC	277
Germany	275
PDF	274
SP	267
DNA	265
PL	263
POK	263
ASE	250
WA	248
NH	247
Anita	243
Ibrahim	243
NE	243
HMV	241
CP	239
Peru	239
OMG	234
NRC	229
Korea	228
Iran	226
TMC	225
PC	223
UPA	208
RTI	199
IPS	198
TC	198
BA	197
SBI	196
PS	193
JNU	191
EG	190
VIP	187
LIG	186
Oscar	186
MD	184
SM	184
NIA	183
RR	183
CR	181
IIT	179
INC	174
SA	174
VAT	173
Scotland	172
PA	170
PN	170
BE	168
MBA	167
DD	166
IQ	166
TU	165
ND	164
Robert	163
HI	162
MA	162
SSC	162
BHI	161
KO	161
PPE	161
CNG	158
Sahara	158
GB	157
NDA	157
PG	157
TP	151
SIR	150
CD	149
ITR	149
Britain	148
EK	148
FC	147
HSC	147
ICU	146
HD	143
IPO	142
RCB	142
Thailand	142
AJ	141
GM	140
CET	139
ITI	139
SK	139
CSK	137
GBU	136
RAM	136
UAE	133
MS	131
AM	130
BTS	130
BMW	129
UIC	129
HR	128
UN	127
ATM	126
VR	126
YT	125
NCC	124
TB	124
WB	124
MLC	123
OTP	123
Carolina	122
SRA	122
JK	121
RW	121
HC	120
NGO	120
NO	120
WC	120
AP	119
BKC	119
HP	119
SMS	119
NA	118
ME	117
Bangkok	116
PE	116
Paris	116
Phil	116
EC	115
SE	115
SR	115
CSC	114
BT	113
IBN	113
CMO	111
IE	111
AAI	110
ANI	110
FM	108
Rafael	108
TCS	108
DC	107
VAR	106
John	105
PAN	105
Syria	105
FD	104
Marcus	104
AV	102
MO	102
California	100
PAM	100
JJ	99
ATI	98
CEO	98
CKP	98
PWD	98
BR	97
GF	97
Alia	96
SJ	96
TN	96
WFH	94
XD	94
KA	93
MG	93
RD	93
CAB	92
JCB	92
BSF	91
LIC	91
VS	91
YD	90
BHK	89
IP	89
CT	88
KT	86
RJ	86
FYI	85
JP	85
RK	84
CST	83
DA	83
DK	83
ODI	83
OR	83
HIV	82
KM	82
NT	82
PDP	82
LS	81
MST	81
Michael	81
TX	81
CID	80
RPI	80
GJ	79
ISI	79
MPM	79
WTF	79
DCM	78
GA	78
GK	78
KG	78
FAN	75
KS	75
MNC	75
OTT	75
Beth	74
JEE	74
MSP	74
NMC	73
RAJ	73
NAV	72
NC	72
Nathan	72
SL	72
TET	72
Antonio	71
CC	71
VDO	71
II	70
AA	69
DR	69
GOD	69
LPG	69
MCA	69
MT	69
MU	69
Manchester	69
VC	69
ASO	68
F&O	68
KK	68
KP	68
NOC	68
HPN	67
KR	67
QR	67
SB	67
BSP	66
NZ	66
PJ	66
TT	66
KKR	65
NRI	65
UBT	65
JAY	64
JE	64
PF	64
SIP	64
SO	64
KEM	62
MES	62
TQ	62
DHS	61
Hamilton	61
MAN	61
MHJ	61
SIT	61
WOW	61
GD	60
MRI	60
PFI	60
DSK	59
FDI	59
MR	59
YOU	59
AU	58
Anderson	58
OM	58
PMO	58
TY	58
CE	57
KL	57
MAD	57
MAT	57
PHD	57
PI	57
Portugal	57
UI	56
IMP	55
MMR	55
GS	54
HAL	54
IBS	54
IG	54
MB	54
MIT	54
MN	54
Monica	54
NPA	54
CV	53
VP	53
AT	52
BVA	52
JM	52
AD	51
DB	50
FY	50
LG	50
Sarah	50
TAI	50
ABC	49
EBC	49
GP	49
HBD	49
ICC	49
MMS	49
OP	49
UR	49
Bobby	48
IEX	48
KDE	48
LC	48
MIG	48
UPI	48
YFP	48
ASU	47
EP	47
GPS	47
Liverpool	47
MTS	47
TPR	47
AR	46
ETV	46
KBC	46
OO	46
RAW	46
SD	46
VN	46
EV	45
GN	45
HO	45
OTG	45
AS	44
ENO	44
IB	44
NOT	44
QB	44
RN	44
Stalin	44
CAG	43
IPC	43
MSD	43
PIL	43
PT	43
PVR	43
Russell	43
AAJ	42
APJ	42
KKG	42
LED	42
MSF	42
SAI	42
AE	41
ET	41
MSG	41
NK	41
NM	41
OS	41
PK	41
VK	41
AI	40
DY	40
GMS	40
ICT	40
MFK	40
PSU	40
AAU	39
MX	39
NYC	39
PMT	39
RTE	39
SOP	39
AHE	38
BF	38
CS	38
HB	38
MDP	38
PLZ	38
BAD	37
BRT	37
Chaplin	37
DGP	37
DVD	37
JAI	37
JI	37
KSA	37
MLM	37
MRP	37
SAP	37
ACP	36
BS	36
BSC	36
CJI	36
DBT	36
FF	36
GT	36
GU	36
MJ	36
RGP	36
RO	36
Sweden	36
XYZ	36
BJ	35
DG	35
EGO	35
RC	35
RDX	35
ASI	34
ATB	34
ITC	34
ML	34
MOU	34
NSA	34
PV	34
SI	34
TOP	34
VM	34
WCD	34
APN	33
BK	33
BPL	33
GOI	33
III	33
KRD	33
MK	33
PP	33
Romeo	33
DCA	32
DPR	32
HRD	32
IND	32
KB	32
OOO	32
RHA	32
TAX	32
VV	32
AUT	31
MF	31
NCL	31
ON	31
RM	31
AVN	30
GMC	30
IIM	30
OFF	30
PPL	30
SAB	30
AMC	29
ATS	29
BD	29
DOB	29
FU	29
GE	29
KGF	29
LLB	29
TOI	29
UCC	29
VFX	29
WRD	29
AG	28
BAN	28
BSE	28
CG	28
CSR	28
ENG	28
IMA	28
IRS	28
JB	28
LL	28
LT	28
Linda	28
MAA	28
Marx	28
NS	28
TMT	28
XI	28
YA	28
AST	27
BH	27
CO	27
GSB	27
GTG	27
GVK	27
HIG	27
IAF	27
IMO	27
JIO	27
KD	27
SEM	27
STD	27
SUV	27
UC	27
YES	27
ZEE	27
ACB	26
ALL	26
AYO	26
BG	26
ES	26
FOE	26
HK	26
KE	26
KFC	26
LBT	26
PD	26
PUC	26
SBC	26
SPG	26
SY	26
TM	26
UG	26
VB	26
CPR	25
GC	25
HA	25
HE	25
HT	25
KRK	25
KYC	25
LD	25
LP	25
MV	25
RA	25
SG	25
WWE	25
ACH	24
CHO	24
CMC	24
GOT	24
HTC	24
L&T	24
OG	24
RPF	24
RRR	24
SIM	24
API	23
AZP	23
BM	23
BN	23
IRB	23
MY	23
NHI	23
RNA	23
TE	23
WI	23
AF	22
AND	22
BUT	22
Clinton	22
GTL	22
IV	22
KCC	22
LAL	22
NHM	22
PPM	22
RCP	22
RJD	22
SN	22
TS	22
UNO	22
WO	22
ACC	21
Andrew	21
BCA	21
BDD	21
BOY	21
CJ	21
DEV	21
DID	21
DON	21
ECI	21
FDA	21
FE	21
HQ	21
HSM	21
KDK	21
KVR	21
NB	21
NV	21
PCR	21
PNG	21
TO	21
USB	21
UTI	21
BCM	20
BST	20
CHB	20
DL	20
DSO	20
FBI	20
GPA	20
HV	20
HW	20
KKK	20
KTM	20
LBS	20
LMV	20
MIL	20
OC	20
OT	20
PO	20
POL	20
PTI	20
RP	20
RSI	20
SF	20
SLB	20
TI	20
UCL	20
AAA	19
AAT	19
CCC	19
CL	19
CPI	19
CRZ	19
Cyrus	19
DCP	19
DOP	19
EID	19
ENT	19
GDS	19
GG	19
IN	19
INR	19
IR	19
IS	19
JAL	19
LCB	19
MAH	19
MDM	19
MOM	19
NAD	19
NOW	19
NSE	19
PB	19
POV	19
CBD	18
CTS	18
CWG	18
DDR	18
DE	18
DMA	18
DSP	18
EMD	18
EPF	18
GI	18
HAI	18
IM	18
JOB	18
NRA	18
Norway	18
OPD	18
Oskar	18
PNR	18
VT	18
XL	18
BOM	17
CPM	17
DCC	17
ESI	17
FRP	17
HRA	17
IK	17
JD	17
LOC	17
NG	17
NI	17
ONE	17
PHC	17
PPP	17
SRH	17
SRT	17
TSA	17
UU	17
VD	17
WP	17
APL	16
APP	16
BBA	16
BOL	16
DAT	16
DH	16
DT	16
DV	16
FNO	16
GIF	16
GOV	16
GPL	16
INS	16
JS	16
LM	16
MTV	16
MVP	16
NFT	16
NPS	16
OIC	16
OL	16
PU	16
RKV	16
ROM	16
SAR	16
SV	16
THE	16
WW	16
ANS	15
AWL	15
BIG	15
BMS	15
CB	15
CLG	15
DDD	15
DMD	15
DMK	15
DVT	15
EU	15
FFS	15
FL	15
IAM	15
KI	15
KV	15
LAW	15
LSC	15
LW	15
MAL	15
MCD	15
MGM	15
MTR	15
NAI	15
NPR	15
RB	15
USD	15
USS	15
UTS	15
WR	15
AIB	14
AZ	14
BCC	14
BGM	14
CNN	14
CTC	14
DI	14
ECG	14
EM	14
EPL	14
FRI	14
GOP	14
HIT	14
HNY	14
IBM	14
IF	14
JDU	14
JVK	14
KC	14
KCR	14
KHI	14
LF	14
LTD	14
MHA	14
NP	14
PNA	14
PNB	14
QA	14
RE	14
RRB	14
UKD	14
VJ	14
AIR	13
BAP	13
BCG	13
CAT	13
CDR	13
CIA	13
CWC	13
Gregory	13
HOD	13
IFC	13
KES	13
LAC	13
LOP	13
MAM	13
MNP	13
MSW	13
Murray	13
NIT	13
NJ	13
NR	13
NSG	13
NTR	13
OPS	13
OSM	13
PRO	13
SKY	13
TA	13
TBH	13
TRI	13
TTF	13
TUP	13
USP	13
VED	13
WE	13
WHY	13
WTC	13
WWF	13
XUV	13
YRF	13
AKA	12
ANM	12
BAL	12
BKS	12
BPO	12
BRO	12
BW	12
CCD	12
CDS	12
CHA	12
DAM	12
DAV	12
DHT	12
DO	12
DRT	12
DTH	12
DX	12
ETC	12
FHD	12
FSI	12
GAS	12
GYM	12
HF	12
HUL	12
ILU	12
J&K	12
JOR	12
JR	12
MSC	12
NU	12
Newcastle	12
OBE	12
OLX	12
OMR	12
OUT	12
PCB	12
PDT	12
RI	12
RPS	12
SPL	12
TG	12
TNX	12
UFO	12
UTD	12
VI	12
VIT	12
XT	12
YCM	12
ABD	11
ALP	11
ARE	11
BCS	11
BL	11
BY	11
CK	11
COD	11
DHE	11
DTE	11
DUM	11
EIC	11
ESA	11
ETH	11
FR	11
FT	11
GH	11
HS	11
ISS	11
IX	11
JDJ	11
LFC	11
LTE	11
LTT	11
MDI	11
NN	11
PDA	11
POP	11
PSM	11
RBL	11
RCF	11
RV	11
SAT	11
SDM	11
SEZ	11
TAR	11
VRS	11
WBC	11
ACS	10
ADD	10
ADI	10
AMK	10
AUR	10
AW	10
BAB	10
CBT	10
CKD	10
CMP	10
DAP	10
DIP	10
DRS	10
EX	10
FPL	10
FS	10
GNM	10
IA	10
IC	10
IFS	10
IST	10
JC	10
JH	10
KJ	10
LOK	10
MPA	10
NAA	10
NTA	10
PAP	10
PIM	10
PLS	10
PWI	10
QT	10
RAT	10
SEP	10
SOS	10
SSD	10
SSP	10
UUR	10
VG	10
VHP	10
WKD	10
ZAR	10
AHA	9
AIM	9
AN	9
AO	9
Angeles	9
BBB	9
BBD	9
BBS	9
BDO	9
BGP	9
BIL	9
BMM	9
BSS	9
BU	9
BUS	9
CAR	9
CHS	9
CSE	9
DAO	9
DGM	9
DHA	9
DIL	9
DIY	9
DMH	9
DRM	9
DS	9
EPS	9
FA	9
FP	9
GTA	9
H1B	9
IMC	9
IMF	9
IOC	9
JSW	9
KGN	9
LK	9
MDT	9
MGP	9
MNB	9
MNM	9
MPS	9
MRF	9
MSM	9
MTB	9
NET	9
NTC	9
NTD	9
OCI	9
OF	9
OHM	9
PCC	9
PVC	9
RED	9
SAD	9
SCR	9
SEO	9
TDP	9
TH	9
VBM	9
WKV	9
WT	9
AAM	8
ACL	8
AL	8
AMD	8
AMU	8
APS	8
ART	8
AUS	8
AVM	8
BDS	8
BED	8
BFF	8
BJO	8
BPM	8
BRA	8
CCA	8
CCI	8
CCL	8
CHU	8
CMS	8
CX	8
DAD	8
DN	8
DND	8
EDI	8
ETA	8
ETF	8
FIT	8
FOB	8
FPO	8
GDC	8
GL	8
GO	8
GRE	8
GRP	8
GTB	8
HDD	8
HOT	8
Italia	8
JA	8
JBL	8
JDS	8
JO	8
JT	8
KAY	8
KNP	8
LBW	8
LLP	8
MEA	8
MET	8
MFP	8
MIS	8
MMC	8
MPG	8
NCR	8
NGP	8
PAK	8
PH	8
PLA	8
PPF	8
PTA	8
PUN	8
RRS	8
RSP	8
SAF	8
SDO	8
SID	8
SMB	8
SQL	8
SW	8
TD	8
TDS	8
TMJ	8
TVS	8
UB	8
VPN	8
WCW	8
WS	8
YB	8
YE	8
AAS	7
ACF	7
AEK	7
AME	7
BBQ	7
BDL	7
BLR	7
BOT	7
BSA	7
CF	7
CHI	7
CNC	7
CW	7
DAY	7
DEC	7
DIG	7
EE	7
EHS	7
END	7
FO	7
GOM	7
GSM	7
HBP	7
HCL	7
HH	7
HIM	7
HN	7
HVS	7
IBC	7
IOS	7
ISD	7
IU	7
IZ	7
LGA	7
LLM	7
LU	7
MDC	7
MHB	7
MKB	7
MKG	7
MTP	7
MVM	7
NDP	7
NFL	7
NRR	7
NUM	7
NW	7
NXT	7
OCD	7
OD	7
OH	7
OLA	7
PBL	7
PCM	7
PSG	7
PSL	7
PVT	7
PW	7
Persia	7
RF	7
RFO	7
RIT	7
RTM	7
SH	7
SII	7
SMG	7
STO	7
TAG	7
TDR	7
TMK	7
TRS	7
UA	7
URL	7
VAN	7
WEH	7
WTO	7
YAY	7
ABA	6
ADV	6
AGE	6
AMH	6
ATP	6
AWB	6
AWS	6
BAI	6
BDW	6
BI	6
BJB	6
BO	6
BOI	6
BPT	6
BTC	6
CAD	6
CAP	6
CES	6
CGI	6
CHV	6
CMD	6
CN	6
CPU	6
CRS	6
DDO	6
DEO	6
DLF	6
DOG	6
DSA	6
DSE	6
DTC	6
DU	6
EI	6
EN	6
ER	6
GHA	6
GW	6
Garcia	6
H1N	6
HMS	6
IAC	6
ICF	6
ICJ	6
IFB	6
IGP	6
IL	6
IMD	6
IO	6
ISL	6
ITV	6
JMM	6
KAR	6
LAD	6
LCD	6
LJ	6
LOI	6
LV	6
MHS	6
MLT	6
MPW	6
MSK	6
NBA	6
NGT	6
NIC	6
NL	6
OIL	6
OWT	6
OYO	6
PIN	6
PMS	6
PNC	6
PRA	6
PSC	6
Q&A	6
QQ	6
QRT	6
RCC	6
RGV	6
RH	6
RYK	6
SEC	6
SPM	6
SRC	6
SRP	6
SWP	6
TJ	6
TRT	6
TSP	6
TYA	6
UID	6
USE	6
VEG	6
VTP	6
VVV	6
WIN	6
WON	6
Wayne	6
XE	6
XP	6
XXX	6
YAG	6
YG	6
YO	6
AAG	5
ABV	5
ALR	5
AML	5
ARR	5
ASL	5
ASM	5
ASN	5
AVG	5
AWM	5
BHO	5
BKL	5
BMI	5
BPJ	5
BRC	5
BSL	5
CDM	5
CFC	5
CGL	5
CI	5
CLR	5
CMT	5
COC	5
CVS	5
DED	5
DHL	5
DJI	5
DNS	5
DSD	5
DSY	5
DVR	5
EA	5
EB	5
EOD	5
EON	5
EOW	5
ESE	5
ESR	5
EXO	5
FCS	5
FEB	5
GAO	5
GBY	5
GKG	5
GPP	5
GUJ	5
H2O	5
HDR	5
HSR	5
HVA	5
IDK	5
IES	5
IGR	5
ILP	5
INA	5
ITT	5
JIS	5
JIV	5
JL	5
JV	5
Jessica	5
KAI	5
KAL	5
KAM	5
KEY	5
KH	5
KIA	5
KIT	5
KLM	5
KPK	5
KPR	5
KYU	5
LAN	5
LAX	5
LB	5
LEO	5
LKG	5
LLL	5
LMK	5
LPK	5
LTI	5
M&M	5
MAG	5
MAJ	5
MAY	5
MCG	5
MEN	5
MHN	5
MLS	5
MPL	5
NAL	5
NIL	5
NIV	5
NLM	5
NMV	5
NSS	5
NYT	5
OCT	5
OI	5
OPP	5
P&L	5
PAC	5
PAR	5
PDS	5
PEL	5
PHP	5
PIB	5
PLI	5
PPR	5
PRC	5
PTV	5
PVG	5
RCE	5
REQ	5
ROB	5
ROG	5
ROI	5
ROK	5
RVP	5
SAS	5
SBS	5
SIX	5
SMA	5
SRF	5
STL	5
TAJ	5
TAK	5
TIA	5
TJR	5
TSH	5
TUR	5
TYB	5
T_T	5
UD	5
UFC	5
UL	5
UM	5
URI	5
UV	5
V+S	5
VCA	5
VCR	5
WAP	5
WAR	5
WD	5
WH	5
WL	5
YP	5
YS	5
YSR	5
ABB	4
ABG	4
ACE	4
ACT	4
AED	4
AGM	4
AGS	4
AH	4
AKS	4
ALA	4
ALT	4
AOC	4
AOL	4
APB	4
ASS	4
ATH	4
AVP	4
AY	4
B2B	4
BAM	4
BAR	4
BET	4
BFC	4
BHA	4
BHU	4
BJD	4
BJS	4
BLM	4
BNC	4
BV	4
BYK	4
CAF	4
CBC	4
CBS	4
CCP	4
CGP	4
CIC	4
CIT	4
CLT	4
CMA	4
CPC	4
CPL	4
CRN	4
CRP	4
CU	4
D2H	4
DFC	4
DHU	4
DII	4
DME	4
DNC	4
DQ	4
DYP	4
DZ	4
EF	4
EMU	4
EO	4
EPR	4
F9R	4
FCI	4
FDJ	4
FDN	4
FII	4
FK	4
FML	4
FOR	4
FTW	4
FZ	4
GEM	4
GOW	4
GPO	4
HBS	4
HEE	4
HG	4
HIS	4
HLA	4
HRC	4
HUF	4
IDC	4
IDS	4
IGL	4
IKR	4
ILS	4
IMX	4
IPR	4
IRA	4
ISO	4
IVR	4
JAN	4
JAT	4
JCP	4
JG	4
JJP	4
JRD	4
JSA	4
JUN	4
JW	4
KHO	4
KLR	4
KRA	4
KU	4
LAJ	4
LAT	4
LDK	4
LH	4
LNL	4
LR	4
LY	4
MAB	4
MAI	4
MAX	4
MAZ	4
MCI	4
MGL	4
MIC	4
MJP	4
MPK	4
MVR	4
MW	4
NAT	4
NBC	4
NEW	4
NF	4
NOV	4
NPC	4
OAK	4
OB	4
OBO	4
OSD	4
OTK	4
PBS	4
PET	4
PFC	4
PHN	4
PIC	4
PMY	4
POS	4
PPI	4
PPT	4
PRN	4
PRT	4
PSA	4
PSP	4
PVN	4
PYC	4
PYQ	4
Peterson	4
QDK	4
QK	4
R&D	4
RAS	4
RAV	4
RCM	4
RDH	4
RPL	4
RRC	4
RUM	4
RY	4
SEX	4
SGD	4
SGS	4
SHO	4
SLE	4
SLR	4
SSB	4
STA	4
SU	4
SVP	4
TAO	4
TEC	4
TIL	4
TK	4
TTC	4
UF	4
ULC	4
UPS	4
UTV	4
VO	4
VVS	4
VW	4
Vincent	4
WAH	4
WEF	4
WF	4
WFM	4
WIP	4
WK	4
Y2K	4
YC	4
YM	4
A&B	3
A-Z	3
ABT	3
ADB	3
ADR	3
ADS	3
AHO	3
AHS	3
AIS	3
AMI	3
APA	3
ARC	3
ATL	3
ATV	3
BCP	3
BFA	3
BGT	3
BHP	3
BIP	3
BIT	3
BJY	3
BLO	3
BMP	3
BOB	3
BRE	3
BRU	3
CBR	3
CCE	3
CFD	3
CHE	3
COM	3
CRT	3
CRY	3
CSS	3
DDG	3
DDJ	3
DEN	3
DMC	3
DPC	3
DTA	3
DW	3
DXB	3
ECB	3
ECP	3
EDC	3
EEH	3
EKA	3
EMV	3
EWM	3
FAB	3
FAQ	3
FAV	3
FEE	3
FFF	3
FIA	3
FIX	3
FSO	3
FUP	3
GAD	3
GCV	3
GEC	3
GGG	3
GIS	3
GIT	3
GMR	3
GPD	3
GPT	3
GPU	3
GTT	3
GUU	3
GV	3
H3Y	3
HAR	3
HAT	3
HBO	3
HCC	3
HEY	3
HGV	3
HHH	3
HHS	3
HMT	3
HON	3
HOW	3
HUG	3
I'M	3
IBA	3
ICS	3
IH	3
ISB	3
ITP	3
IVF	3
IYC	3
JAM	3
JHT	3
JJJ	3
JPC	3
JSR	3
KAA	3
KAS	3
KDP	3
KGB	3
KW	3
KYA	3
KYN	3
KYO	3
L0L	3
LAI	3
LAS	3
LBH	3
LDL	3
LEC	3
LHB	3
LJP	3
LKS	3
LNG	3
LPA	3
LSD	3
LSG	3
LTR	3
LVG	3
Londo	3
MAR	3
MBC	3
MCC	3
MCS	3
MCX	3
MDG	3
MDH	3
MDN	3
MGB	3
MGH	3
MIA	3
MKS	3
MMA	3
MND	3
MOD	3
MOS	3
MSI	3
MSN	3
MTM	3
MVG	3
MZ	3
NAC	3
NCI	3
NCN	3
NCW	3
NFC	3
NJP	3
NME	3
NON	3
NPK	3
NSB	3
NSC	3
NSD	3
NSP	3
NTV	3
NWH	3
OBS	3
OFB	3
OTA	3
OTC	3
OTS	3
OU	3
OUR	3
O_O	3
PBM	3
PCA	3
PCO	3
PDM	3
PIP	3
PKG	3
PKL	3
PLL	3
PMB	3
PMR	3
POA	3
POT	3
PPS	3
PSB	3
PTC	3
PTO	3
QC	3
RAC	3
RAG	3
RGF	3
RMD	3
RMS	3
RND	3
ROC	3
ROR	3
RPM	3
RTK	3
RTS	3
RUS	3
RX	3
SAA	3
SAK	3
SAW	3
SBM	3
SEB	3
SEL	3
SET	3
SGX	3
SHA	3
SHI	3
SKS	3
SME	3
SMK	3
SMP	3
SMT	3
SOL	3
SPN	3
SPO	3
SPY	3
SRL	3
SSN	3
SSS	3
SWA	3
TAD	3
TAN	3
TAS	3
TFR	3
TFT	3
THX	3
TIP	3
TJN	3
TKF	3
TKT	3
TOH	3
TON	3
TOO	3
TSD	3
TVF	3
TWO	3
UAI	3
UAS	3
UFS	3
UGA	3
VCM	3
VE	3
VGM	3
VIX	3
VLC	3
VNR	3
WAS	3
WKW	3
WOM	3
WRT	3
XII	3
XM	3
XX	3
X_X	3
YIN	3
YOG	3
YR	3
YY	3
ZAK	3
ZR	3
A2Z	2
AAD	2
ABI	2
ABM	2
ABO	2
ACG	2
ADC	2
ADE	2
ADF	2
AGI	2
AIC	2
AIK	2
AIQ	2
AIT	2
AJI	2
AKC	2
ALF	2
ALI	2
ALU	2
ANR	2
ANY	2
APF	2
AQ	2
ARO	2
ASK	2
ASV	2
ATD	2
ATR	2
AUM	2
AVI	2
AWD	2
AXN	2
B7Y	2
BAT	2
BBF	2
BBH	2
BBY	2
BCN	2
BEE	2
BES	2
BGS	2
BHR	2
BHT	2
BIB	2
BIM	2
BIO	2
BKT	2
BMX	2
BNA	2
BNF	2
BNN	2
BNP	2
BOC	2
BOD	2
BOE	2
BRI	2
BTM	2
BVG	2
BVS	2
BYE	2
BYN	2
BYO	2
BZP	2
CAC	2
CAN	2
CCB	2
CCM	2
CDT	2
CEC	2
CFS	2
CHQ	2
CIS	2
CME	2
CMV	2
CNP	2
CNX	2
COL	2
CPT	2
CRI	2
CRL	2
CRM	2
CRR	2
CSG	2
CSM	2
CTM	2
CTT	2
CUP	2
DAL	2
DAN	2
DAR	2
DBS	2
DCH	2
DCX	2
DDN	2
DER	2
DEX	2
DFO	2
DIE	2
DIV	2
DKP	2
DKS	2
DLS	2
DMO	2
DOC	2
DOR	2
DOT	2
DRD	2
DRI	2
DRY	2
DSN	2
DSR	2
DST	2
DUD	2
DUI	2
DUN	2
DVS	2
DYA	2
DYC	2
E&C	2
ECS	2
ECU	2
EDM	2
EDP	2
EH	2
EIA	2
EIL	2
EIS	2
EL	2
EMR	2
EOS	2
EQ	2
ESD	2
ETT	2
EVS	2
FAM	2
FAR	2
FAT	2
FBS	2
FCB	2
FCP	2
FH	2
FHA	2
FI	2
FIS	2
FMT	2
FN	2
FNF	2
FOS	2
FOX	2
FPS	2
FSB	2
FTO	2
FTX	2
FUN	2
FUT	2
FYP	2
GAP	2
GAR	2
GAY	2
GBM	2
GBS	2
GDN	2
GFR	2
GIC	2
GIP	2
GJP	2
GLS	2
GMO	2
GNW	2
GOS	2
GSP	2
GUD	2
GUI	2
GUL	2
GUN	2
GVA	2
HAM	2
HAQ	2
HBL	2
HBX	2
HCQ	2
HCW	2
HEG	2
HER	2
HGH	2
HJS	2
HMB	2
HMO	2
HMX	2
HNI	2
HOF	2
HRS	2
HTP	2
HU	2
HUM	2
HY	2
Hernandez	2
I'D	2
IDP	2
IEI	2
IGE	2
IGI	2
IGN	2
IHM	2
IIB	2
IIN	2
ILD	2
ILY	2
IPA	2
IRL	2
IRT	2
ITM	2
ITO	2
IVC	2
J1N	2
JAR	2
JCL	2
JDP	2
JLT	2
JMC	2
JMI	2
JMP	2
JNV	2
JOG	2
JSM	2
JY	2
K2S	2
KAB	2
KAK	2
KAT	2
KBP	2
KCA	2
KDM	2
KEL	2
KHC	2
KHS	2
KIM	2
KIW	2
KJT	2
KMC	2
KMP	2
KN	2
KNR	2
KON	2
KOO	2
KPP	2
KPU	2
KQ	2
KRS	2
KSE	2
KSR	2
KST	2
KTG	2
KUP	2
KUT	2
KVA	2
KVS	2
KZ	2
LCM	2
LE	2
LHS	2
LI	2
LIE	2
LKN	2
LLC	2
LN	2
LNT	2
LPB	2
LRD	2
MAC	2
MAS	2
MAV	2
MBB	2
MBD	2
MBS	2
MCE	2
MCR	2
MDR	2
MEL	2
MEM	2
MEP	2
MFG	2
MHT	2
MIB	2
MKM	2
MKT	2
MMD	2
MMJ	2
MML	2
MMM	2
MMP	2
MNK	2
MOB	2
MOG	2
MOL	2
MOP	2
MPE	2
MPT	2
MQC	2
MRM	2
MRO	2
MTA	2
MTN	2
MUL	2
MVS	2
NAB	2
NAM	2
NAO	2
NAS	2
NBR	2
NCA	2
NCO	2
NCS	2
NDC	2
NDT	2
NEP	2
NFS	2
NGC	2
NGR	2
NHL	2
NLU	2
NMK	2
NNN	2
NNP	2
NRS	2
NVR	2
NYA	2
NYE	2
OAC	2
OAL	2
OBJ	2
OBP	2
OCM	2
OHH	2
OIS	2
OMS	2
OOS	2
ORS	2
OST	2
OTM	2
OTV	2
OV	2
PAF	2
PAT	2
PAY	2
PBK	2
PCD	2
PCS	2
PEK	2
PEN	2
PFS	2
PFT	2
PGP	2
PHH	2
PHM	2
PJP	2
PKX	2
PNL	2
PRE	2
PSD	2
PTM	2
PUB	2
PUT	2
QN	2
QOL	2
QTR	2
QUE	2
RCR	2
RCV	2
RDD	2
RDJ	2
RDM	2
RDU	2
REG	2
RGD	2
RIA	2
RIL	2
RJB	2
RKC	2
RKI	2
RLD	2
RLY	2
RMP	2
RNR	2
RNU	2
RPA	2
RRP	2
RSA	2
RUN	2
Ronald	2
S2U	2
SAC	2
SAN	2
SBA	2
SBB	2
SBH	2
SBT	2
SCC	2
SCG	2
SDG	2
SDH	2
SEE	2
SFJ	2
SFM	2
SGM	2
SHE	2
SHM	2
SIN	2
SLP	2
SMH	2
SNF	2
SON	2
SOT	2
SOW	2
SPA	2
SPS	2
SPV	2
SQ	2
SRB	2
SRM	2
SRY	2
SSI	2
SST	2
SSW	2
STM	2
SUN	2
SUT	2
SVM	2
S`N	2
T0I	2
T2F	2
TAB	2
TAP	2
TAT	2
TBC	2
TDK	2
TDM	2
TEA	2
TED	2
TEM	2
THA	2
THQ	2
THR	2
TIC	2
TIG	2
TKN	2
TMO	2
TNA	2
TOD	2
TOM	2
TPS	2
TRF	2
TSS	2
TTA	2
TTM	2
TVC	2
TWS	2
UCG	2
UCN	2
UCO	2
UDI	2
UDT	2
UE	2
UFA	2
UJ	2
UKG	2
UO	2
UPT	2
VAG	2
VAX	2
VBP	2
VCL	2
VEL	2
VFM	2
VFS	2
VGI	2
VGN	2
VH	2
VID	2
VJP	2
VOD	2
VQ	2
VRD	2
VSR	2
VUP	2
WAA	2
WAW	2
WCL	2
WID	2
WNS	2
WOR	2
WTT	2
XAT	2
XDA	2
XDR	2
XEN	2
XIC	2
XPS	2
XR	2
XY	2
YAA	2
YAR	2
YCN	2
YET	2
YHC	2
YHM	2
YI	2
YJ	2
YK	2
YMT	2
YNB	2
YU	2
YUM	2
ZEK	2
ZF	2
ZOO	2
ZZ	2
A&N	1
A+C	1
A-B	1
A-M	1
A1P	1
A2B	1
A8L	1
A=C	1
AAB	1
AAC	1
AAE	1
AAR	1
AAV	1
AAW	1
AAY	1
ABN	1
ABS	1
ABU	1
ACD	1
ACM	1
ADH	1
ADK	1
ADL	1
ADO	1
ADP	1
ADT	1
AEG	1
AEM	1
AEV	1
AEW	1
AFF	1
AFK	1
AFL	1
AGK	1
AGR	1
AGT	1
AHF	1
AHI	1
AHM	1
AIA	1
AIF	1
AIO	1
AIV	1
AJJ	1
AJR	1
AKB	1
AKH	1
AKT	1
ALO	1
ALX	1
AMS	1
AMT	1
ANA	1
ANP	1
AOE	1
AOI	1
APD	1
APO	1
AQI	1
ARA	1
ARM	1
ARP	1
ARS	1
ASC	1
ASD	1
ASH	1
ASP	1
ASR	1
ATF	1
ATG	1
ATT	1
AUD	1
AUG	1
AUH	1
AVD	1
AVL	1
AVS	1
AWA	1
AX	1
AZT	1
AZZ	1
B&B	1
B&C	1
B&D	1
B-R	1
B1E	1
B2X	1
B6P	1
B7V	1
BAE	1
BAF	1
BAU	1
BBI	1
BBK	1
BBL	1
BBN	1
BBT	1
BBW	1
BCE	1
BCT	1
BDC	1
BDY	1
BEC	1
BEG	1
BEL	1
BFR	1
BGC	1
BGL	1
BGN	1
BGR	1
BGU	1
BHE	1
BID	1
BIK	1
BJE	1
BJL	1
BJM	1
BKD	1
BKK	1
BKN	1
BKP	1
BLP	1
BLS	1
BLW	1
BMB	1
BMD	1
BMR	1
BMZ	1
BNB	1
BNG	1
BNI	1
BNT	1
BNY	1
BOJ	1
BOO	1
BOP	1
BOR	1
BOS	1
BPD	1
BPE	1
BPQ	1
BQ	1
BQC	1
BRB	1
BRD	1
BRP	1
BSB	1
BSD	1
BSU	1
BSW	1
BSY	1
BTA	1
BTB	1
BTT	1
BUY	1
BVP	1
BWL	1
BWS	1
B_E	1
Baltimore	1
C&C	1
C(D	1
C+S	1
C-D	1
C-P	1
C0K	1
CAE	1
CAM	1
CAS	1
CBG	1
CBK	1
CBL	1
CCG	1
CCK	1
CCR	1
CCS	1
CCT	1
CCU	1
CCV	1
CDC	1
CDN	1
CDP	1
CDQ	1
CEN	1
CEX	1
CFA	1
CFB	1
CFJ	1
CFO	1
CFT	1
CGA	1
CGS	1
CHC	1
CHD	1
CHH	1
CHL	1
CHM	1
CHN	1
CIB	1
CIU	1
CJB	1
CJM	1
CJS	1
CLL	1
CLP	1
CMB	1
CMI	1
CMN	1
CNB	1
CNF	1
CNO	1
CNR	1
CNS	1
COG	1
COI	1
CON	1
COP	1
CPF	1
CPO	1
CRB	1
CRC	1
CRO	1
CRW	1
CSO	1
CSP	1
CSU	1
CTK	1
CTR	1
CUT	1
CVC	1
CXC	1
D&C	1
D+C	1
D3S	1
D=P	1
DAS	1
DBA	1
DBC	1
DBJ	1
DBK	1
DBL	1
DBN	1
DBR	1
DCE	1
DCF	1
DCG	1
DCI	1
DCR	1
DCS	1
DDA	1
DDI	1
DDK	1
DDP	1
DDT	1
DEF	1
DES	1
DET	1
DFM	1
DGR	1
DGT	1
DHO	1
DIC	1
DIN	1
DIR	1
DIT	1
DJL	1
DJP	1
DKM	1
DMF	1
DMG	1
DMR	1
DMS	1
DMT	1
DNH	1
DNR	1
DNT	1
DOA	1
DOI	1
DOM	1
DOS	1
DPD	1
DPL	1
DPM	1
DPS	1
DPU	1
DRP	1
DRW	1
DSC	1
DSH	1
DSI	1
DSS	1
DTP	1
DTS	1
DUA	1
DUB	1
DUO	1
DUR	1
DWC	1
DXN	1
DYI	1
E+D	1
E-Y	1
EAD	1
EAK	1
EAT	1
EAW	1
EAY	1
EBA	1
ECD	1
ECE	1
ECM	1
ECR	1
ECT	1
EDA	1
EDK	1
EDT	1
EDU	1
EED	1
EEO	1
EFG	1
EFH	1
EFM	1
EGA	1
EHA	1
EIM	1
EKC	1
EKI	1
ELK	1
EMA	1
EMF	1
EMG	1
EMS	1
EOY	1
EPA	1
EPI	1
EPN	1
ESL	1
ESS	1
EST	1
ESW	1
ETP	1
ETS	1
EUA	1
EUU	1
EUV	1
EVA	1
EVE	1
EVN	1
EVO	1
EWC	1
EXP	1
EY	1
E_A	1
F&D	1
F&F	1
F&N	1
F2F	1
FAD	1
FAF	1
FAL	1
FAU	1
FBB	1
FBF	1
FBH	1
FCF	1
FEA	1
FED	1
FG	1
FHM	1
FIL	1
FJ	1
FJP	1
FKT	1
FLG	1
FLY	1
FMC	1
FNY	1
FOD	1
FOH	1
FPC	1
FPI	1
FPV	1
FRO	1
FRY	1
FSG	1
FSH	1
FSK	1
FTN	1
FTT	1
FTV	1
FUI	1
FV	1
FVP	1
FW	1
FWD	1
FX	1
FYA	1
FYF	1
FYR	1
G&T	1
G-M	1
G5A	1
G7X	1
G8S	1
G8X	1
GAI	1
GAL	1
GAM	1
GAN	1
GBR	1
GBV	1
GCA	1
GCC	1
GCF	1
GDF	1
GDL	1
GEN	1
GER	1
GES	1
GET	1
GFS	1
GGR	1
GHE	1
GHI	1
GIL	1
GIO	1
GKN	1
GLO	1
GMT	1
GNA	1
GNE	1
GNT	1
GOL	1
GOO	1
GPC	1
GPF	1
GPW	1
GQ	1
GRB	1
GRC	1
GRL	1
GRM	1
GRR	1
GRT	1
GTI	1
GTR	1
GTX	1
GUB	1
GUM	1
GUT	1
GUY	1
GVL	1
GVP	1
GWS	1
H&S	1
H-M	1
H3U	1
H5N	1
H7I	1
HAS	1
HAY	1
HBC	1
HBT	1
HBY	1
HCP	1
HCV	1
HDI	1
HDL	1
HDP	1
HEC	1
HEI	1
HEJ	1
HFC	1
HFD	1
HHP	1
HII	1
HJ	1
HKP	1
HLP	1
HLR	1
HMA	1
HMD	1
HND	1
HOE	1
HOI	1
HOU	1
HPA	1
HPL	1
HPY	1
HQK	1
HRI	1
HRM	1
HSE	1
HSS	1
HTA	1
HTS	1
HUB	1
HUD	1
HVC	1
HVM	1
HWH	1
HYA	1
HYD	1
HYV	1
HZ	1
I(I	1
I7U	1
IBD	1
IBL	1
ICE	1
ICL	1
ICM	1
IDD	1
IDI	1
IEA	1
IFA	1
IFO	1
IFP	1
IGO	1
IHU	1
IID	1
IIJ	1
IJ	1
IJN	1
ILI	1
IMB	1
IMG	1
IMU	1
ING	1
INK	1
IOD	1
IOK	1
IOP	1
IOU	1
IPH	1
IPI	1
IRE	1
IRP	1
ISA	1
ISF	1
ISH	1
ISP	1
ITD	1
ITE	1
ITK	1
ITS	1
ITU	1
IXX	1
IYE	1
J(G	1
J3N	1
JAD	1
JAG	1
JAH	1
JAJ	1
JBJ	1
JBP	1
JCO	1
JCT	1
JDL	1
JEA	1
JFK	1
JGA	1
JIM	1
JIT	1
JJD	1
JJM	1
JKG	1
JKT	1
JLI	1
JML	1
JMN	1
JMS	1
JN	1
JOY	1
JPL	1
JPM	1
JPS	1
JRF	1
JSC	1
JST	1
JU	1
JUI	1
JUM	1
JVL	1
JYA	1
JYM	1
JZ	1
K-P	1
K1K	1
K2H	1
K3G	1
K9D	1
KBK	1
KBN	1
KBR	1
KDA	1
KDB	1
KDS	1
KEI	1
KGD	1
KGL	1
KGS	1
KID	1
KIV	1
KJH	1
KKJ	1
KKN	1
KKO	1
KKV	1
KKW	1
KLF	1
KLY	1
KMI	1
KMS	1
KMT	1
KMW	1
KNS	1
KOH	1
KOP	1
KPF	1
KPI	1
KPS	1
KRO	1
KRT	1
KSM	1
KSU	1
KTR	1
KTU	1
KUL	1
KUV	1
KVK	1
KVN	1
KYY	1
KZB	1
L)L	1
L+C	1
L-E	1
L0B	1
L4L	1
L7W	1
LAK	1
LAV	1
LBC	1
LBG	1
LBJ	1
LCA	1
LCH	1
LCI	1
LCL	1
LCR	1
LCV	1
LDC	1
LDF	1
LDO	1
LEL	1
LGB	1
LHC	1
LID	1
LIS	1
LIV	1
LIY	1
LJN	1
LKM	1
LKQ	1
LLG	1
LMC	1
LML	1
LMP	1
LO	1
LOD	1
LOG	1
LOH	1
LON	1
LOT	1
LPP	1
LPU	1
LRG	1
LRK	1
LRO	1
LRT	1
LSR	1
LST	1
LTC	1
LTG	1
LUV	1
LVF	1
LVM	1
LVU	1
LWS	1
LX	1
L_L	1
M%S	1
M&R	1
M+M	1
M+Y	1
M-P	1
M0E	1
M2M	1
M4A	1
MAF	1
MAP	1
MAU	1
MBJ	1
MBL	1
MCB	1
MCH	1
MCP	1
MDA	1
MDB	1
MDK	1
MDL	1
MDZ	1
MEB	1
MEI	1
MEY	1
MFA	1
MFE	1
MFI	1
MFL	1
MFS	1
MGR	1
MGT	1
MHO	1
MHP	1
MHR	1
MHW	1
MKC	1
MKD	1
MKI	1
MKN	1
MKR	1
MLB	1
MLD	1
MLZ	1
MMB	1
MNA	1
MNG	1
MNL	1
MNR	1
MNU	1
MNV	1
MOT	1
MPJ	1
MPN	1
MPP	1
MPV	1
MQM	1
MRA	1
MRN	1
MRR	1
MSQ	1
MSS	1
MSU	1
MSV	1
MTG	1
MTK	1
MTL	1
MUI	1
MUM	1
MVC	1
MVD	1
MVN	1
MWC	1
MWP	1
MYH	1
MZA	1
Má»ˆM	1
NAK	1
NAN	1
NAU	1
NAY	1
NBS	1
NBW	1
NCD	1
NCK	1
NDL	1
NDS	1
NEA	1
NEB	1
NED	1
NGE	1
NHB	1
NHS	1
NIB	1
NIN	1
NIO	1
NIR	1
NKA	1
NKI	1
NKP	1
NLA	1
NLD	1
NMO	1
NMS	1
NMU	1
NNS	1
NNU	1
NOA	1
NOD	1
NOG	1
NOO	1
NPH	1
NRB	1
NRM	1
NRP	1
NRV	1
NSK	1
NSO	1
NST	1
NSU	1
NSW	1
NTS	1
NUN	1
NVA	1
NVM	1
NVP	1
NWO	1
NX	1
NYY	1
NZL	1
NZZ	1
O4O	1
O9L	1
OA	1
OCC	1
OCN	1
OCV	1
OCW	1
ODF	1
ODM	1
OE	1
OFC	1
OHE	1
OHO	1
OHP	1
OJ	1
OJQ	1
OJU	1
OKB	1
OKK	1
OLD	1
OLE	1
OLM	1
OMT	1
ONC	1
ONL	1
ONN	1
OOK	1
OOM	1
OPT	1
ORR	1
ORT	1
OSA	1
OSB	1
OSU	1
OSX	1
OTI	1
OUP	1
OVC	1
OVR	1
OWL	1
OWN	1
OWO	1
OY	1
OYC	1
OYE	1
P&G	1
P&P	1
P-E	1
P-P	1
P2P	1
P6Z	1
P7B	1
PAA	1
PAD	1
PAH	1
PAL	1
PAS	1
PAW	1
PBR	1
PCE	1
PCT	1
PCV	1
PDB	1
PDC	1
PDK	1
PDO	1
PDR	1
PEB	1
PED	1
PEE	1
PES	1
PFA	1
PGV	1
PGY	1
PHB	1
PHS	1
PIO	1
PIS	1
PJB	1
PJO	1
PKK	1
PKR	1
PKS	1
PKV	1
PLC	1
PLM	1
PLN	1
PMA	1
PMI	1
PMK	1
PMN	1
PMV	1
PNP	1
PNQ	1
POC	1
PPA	1
PPC	1
PPN	1
PPO	1
PQC	1
PQP	1
PRB	1
PRI	1
PRJ	1
PRK	1
PRP	1
PRS	1
PSE	1
PSO	1
PSR	1
PSW	1
PTS	1
PUR	1
PVD	1
PVL	1
PVP	1
PVS	1
PWP	1
PY	1
Q-A	1
Q9P	1
QAN	1
QF	1
QFC	1
QIQ	1
QNA	1
QOC	1
QP	1
QPR	1
QRS	1
QSR	1
QUV	1
Q_E	1
R2G	1
R3H	1
R8H	1
RAN	1
RAP	1
RAU	1
RAZ	1
RBH	1
RCA	1
RCT	1
RDB	1
RDP	1
RDS	1
REC	1
REF	1
RES	1
REV	1
RFP	1
RFT	1
RGG	1
RHB	1
RIM	1
RJG	1
RJN	1
RKJ	1
RKS	1
RL	1
RLE	1
RMC	1
RML	1
RMM	1
RMN	1
RMO	1
RMV	1
RNC	1
ROA	1
ROD	1
ROE	1
ROP	1
ROW	1
ROY	1
RPN	1
RRJ	1
RSM	1
RSU	1
RSV	1
RTD	1
RTF	1
RTN	1
RTR	1
RTV	1
RU	1
RVC	1
RYA	1
RZP	1
S1E	1
S2P	1
S4S	1
SAU	1
SAY	1
SBD	1
SBK	1
SBL	1
SBY	1
SCI	1
SCN	1
SCU	1
SDE	1
SDF	1
SDK	1
SDN	1
SEA	1
SEG	1
SES	1
SFC	1
SFT	1
SGA	1
SGN	1
SGT	1
SHC	1
SHR	1
SIH	1
SJK	1
SKM	1
SKN	1
SKP	1
SLA	1
SLC	1
SLV	1
SMC	1
SMI	1
SMV	1
SMW	1
SNA	1
SND	1
SNO	1
SOM	1
SOU	1
SPB	1
SPC	1
SPH	1
SPI	1
SRD	1
SRE	1
SRN	1
SSK	1
SSL	1
SSM	1
STB	1
STN	1
STP	1
STR	1
STX	1
SUL	1
SUP	1
SVB	1
SVC	1
SVD	1
SVF	1
SVH	1
SWC	1
SWE	1
SWR	1
SWT	1
SXX	1
SYB	1
T&C	1
T-Z	1
T0T	1
T6X	1
TAL	1
TAU	1
TBS	1
TCL	1
TCN	1
TCR	1
TDL	1
TEL	1
TER	1
TEX	1
TF	1
TFB	1
TFI	1
TFM	1
TGT	1
THT	1
THU	1
TIE	1
TIK	1
TIR	1
TLC	1
TMI	1
TMM	1
TNM	1
TOB	1
TOF	1
TOK	1
TOR	1
TOT	1
TPA	1
TPC	1
TPE	1
TPM	1
TSM	1
TTD	1
TTE	1
TTP	1
TTS	1
TUB	1
TUM	1
TVA	1
TVG	1
TVR	1
TW	1
TWT	1
TYM	1
TYQ	1
UAC	1
UAF	1
UBD	1
UBI	1
UBL	1
UBR	1
UCB	1
UCI	1
UCK	1
UDC	1
UDF	1
UDP	1
UEL	1
UGG	1
UH	1
UHC	1
UMC	1
UMJ	1
UMP	1
UMZ	1
UNC	1
UNE	1
UNI	1
UPL	1
UPM	1
UPP	1
URC	1
URF	1
URN	1
URP	1
URT	1
USC	1
UTC	1
UTH	1
UUS	1
UUU	1
UVA	1
UW	1
UWE	1
UY	1
U_U	1
V(B	1
VAB	1
VAD	1
VAH	1
VAL	1
VAO	1
VAS	1
VBD	1
VBW	1
VCC	1
VCF	1
VCK	1
VCU	1
VDA	1
VDB	1
VDD	1
VDI	1
VDM	1
VDS	1
VEB	1
VER	1
VF	1
VFR	1
VGA	1
VHT	1
VIA	1
VII	1
VIS	1
VJA	1
VJC	1
VJI	1
VKU	1
VL	1
VLE	1
VMA	1
VMC	1
VPA	1
VPJ	1
VPS	1
VRL	1
VSA	1
VTC	1
VTL	1
VU	1
VUT	1
VUW	1
VVD	1
VWP	1
VWX	1
VY	1
VZ	1
W+V	1
W1N	1
W6X	1
W7E	1
W7K	1
WAG	1
WAI	1
WAM	1
WAX	1
WAY	1
WBA	1
WBP	1
WCE	1
WCP	1
WDC	1
WEA	1
WEE	1
WKC	1
WM	1
WMA	1
WMC	1
WMD	1
WN	1
WOO	1
WPM	1
WSH	1
WSW	1
WTH	1
WTI	1
WTP	1
WTV	1
WU	1
WV	1
WWC	1
WWW	1
WYA	1
WZ	1
X+Y	1
X-P	1
X-V	1
X3W	1
XC	1
XIX	1
XLS	1
XMS	1
XS	1
XTC	1
XVI	1
XYX	1
XZ	1
Y-Z	1
Y5M	1
YBC	1
YCR	1
YEH	1
YGM	1
YGP	1
YKH	1
YMI	1
YN	1
YOM	1
YTB	1
YTC	1
YTL	1
YV	1
YVK	1
YVR	1
YW	1
YYZ	1
ZA	1
ZAB	1
ZAD	1
ZAI	1
ZB	1
ZCD	1
ZD	1
ZDI	1
ZDP	1
ZH	1
ZK	1
ZKV	1
ZM	1
ZMA	1
ZOL	1
ZOT	1
ZT	1
ZTE	1
ZU	1
ZUK	1
ZUO	1
ZY	1
